issue,title,opened,age_years,labels,platform,subsystem,kind,priority_class,severity,validity_confidence,reproducibility,head_status,related,source_areas,root_cause_assessment,audit_depth
5364,--rebuild_chart_db hangs indefinitely with S-63/SENC charts on Raspberry Pi 5 (OpenCPN 5.14.0),2026-08-18,0.0,bug,Raspberry Pi|Flatpak,charts/S63,defect,B,crash/hang/data integrity,medium,reported deterministic with six cells,new/open; root cause not established,#4106; #4119; #2178,gui/src/ocpn_frame.cpp; chart catalogue; S63 plug-in boundary,"Chart rebuild can hang or OOM after catalogue corruption, but successful standalone OCPNsenc means the failing core/plug-in orchestration still needs tracing.",manual issue review
5360,Editing of the arrival radius for all waypoints in a route,2026-08-16,0.0,enhancement,not established/cross-platform,routes/tracks/storage,feature/enhancement,H,feature request,low,not established,not code-verified,,"model/src/{route,track,navobj_db}.cpp; gui/src/navutil.cpp",Unresolved; taxonomy-only triage. Read/reproduce before changing code.,metadata/title/body triage
5358,Issue a N2K heartbeat (0x1F011: PGN 126993 - Heartbeat),2026-08-13,0.0,enhancement,not established/cross-platform,communications/navigation,feature/enhancement,H,feature request,low,not established,not code-verified,,model/src/comm_*; model/src/georef.cpp,Unresolved; taxonomy-only triage. Read/reproduce before changing code.,metadata/title/body triage
5356,Plugin Manager confused by beta tag on local build,2026-08-12,0.0,bug,macOS,plugins,defect,C,serious functional defect,low,not established,not code-verified,,"include/ocpn_plugin.h; gui/src/{pluginmanager,ocpn_plugin_gui,api_121}.cpp",Unresolved; taxonomy-only triage. Read/reproduce before changing code.,metadata/title/body triage
5345,"Dragging Toolbar to top of screen is impossible with OCPN 5.14.0 on MacOS, and Toolbar moves outside screen",2026-08-04,0.0,bug,macOS|Linux,platform/build,defect,C,serious functional defect,low,not established,not code-verified,,CMakeLists.txt; cmake/; gui/src/ocpn_platform.cpp,Unresolved; taxonomy-only triage. Read/reproduce before changing code.,metadata/title/body triage
5342,Windows 64 bit,2026-08-02,0.0,enhancement,Windows,charts/rendering,feature/enhancement,H,feature request,medium,not established,not code-verified,,"gui/src/{chartdbs,chartimg,gl_*}.cpp",Unresolved; taxonomy-only triage. Read/reproduce before changing code.,metadata/title/body triage
5340,Improve visibility of Tide Current symbol,2026-07-31,0.0,enhancement,Android|Windows,charts/rendering,feature/enhancement,H,feature request,low,not established,not code-verified,,"gui/src/{chartdbs,chartimg,gl_*}.cpp",Unresolved; taxonomy-only triage. Read/reproduce before changing code.,metadata/title/body triage
5336,Select tide/current by double click become impossible after a while in navigation Android,2026-07-28,0.1,bug,Android,AIS,defect,C,serious functional defect,low,not established,not code-verified,,model/src/ais_decoder.cpp; gui/src/ais.cpp,Unresolved; taxonomy-only triage. Read/reproduce before changing code.,metadata/title/body triage
5335,"Show tide/current dialog by double click impossible when symbol overlap another objet as route, track etc.",2026-07-28,0.1,bug,Android|Windows,routes/tracks/storage,defect,C,serious functional defect,low,not established,not code-verified,,"model/src/{route,track,navobj_db}.cpp; gui/src/navutil.cpp",Unresolved; taxonomy-only triage. Read/reproduce before changing code.,metadata/title/body triage
5332,WaypointsShowName=1 not working as expected,2026-07-27,0.1,enhancement,Windows,routes/tracks/storage,feature/enhancement,H,feature request,medium,not established,not code-verified,,"model/src/{route,track,navobj_db}.cpp; gui/src/navutil.cpp",Unresolved; taxonomy-only triage. Read/reproduce before changing code.,metadata/title/body triage
5329,Dashboard visibility not persistent for more than one dashboard in Android,2026-07-26,0.1,bug,Android|Windows,platform/build,defect,C,serious functional defect,low,not established,not code-verified,,CMakeLists.txt; cmake/; gui/src/ocpn_platform.cpp,Unresolved; taxonomy-only triage. Read/reproduce before changing code.,metadata/title/body triage
5327,Alarm silence and acknowledge,2026-07-22,0.1,enhancement,Linux,AIS,feature/enhancement,H,feature request,medium,not established,not code-verified,,model/src/ais_decoder.cpp; gui/src/ais.cpp,Unresolved; taxonomy-only triage. Read/reproduce before changing code.,metadata/title/body triage
5325,Proposal: consolidate OpenCPN-Android into the main repo under `android/`,2026-07-19,0.1,enhancement,Android,platform/build,feature/enhancement,H,feature request,low,not established,not code-verified,,CMakeLists.txt; cmake/; gui/src/ocpn_platform.cpp,Unresolved; taxonomy-only triage. Read/reproduce before changing code.,metadata/title/body triage
5324,android : migrate openssl from 1.1.1 (EOL) to 3.5.5 - drop < 3.x support,2026-07-18,0.1,bug,Android|macOS|Windows|Linux,platform/build,defect,E,performance/resource,low,not established,not code-verified,,CMakeLists.txt; cmake/; gui/src/ocpn_platform.cpp,Unresolved; taxonomy-only triage. Read/reproduce before changing code.,metadata/title/body triage
5322,Android (wxQt): kinetic touch-scrolling of lists / scrolled windows broken against upstream wxWidgets 3.2.x,2026-07-18,0.1,bug,Android|Windows,charts/rendering,defect,C,serious functional defect,low,not established,not code-verified,,"gui/src/{chartdbs,chartimg,gl_*}.cpp",Unresolved; taxonomy-only triage. Read/reproduce before changing code.,metadata/title/body triage
5321,Android (wxQt): chart pan and pinch‑zoom broken when built against upstream wxWidgets 3.2.x,2026-07-18,0.1,bug,Android|macOS,charts/rendering,defect,E,performance/resource,low,not established,not code-verified,,"gui/src/{chartdbs,chartimg,gl_*}.cpp",Unresolved; taxonomy-only triage. Read/reproduce before changing code.,metadata/title/body triage
5320,Edit route waypoints: Inconsistent and non-intuitive UX,2026-07-17,0.1,bug,Linux|Flatpak,routes/tracks/storage,defect,C,serious functional defect,medium,not established,not code-verified,,"model/src/{route,track,navobj_db}.cpp; gui/src/navutil.cpp",Unresolved; taxonomy-only triage. Read/reproduce before changing code.,metadata/title/body triage
5317,Android arm64 build sets `CMAKE_AR` to non-existent `aarch64-linux-android-ar` (NDK r23+),2026-07-16,0.1,bug,Android|Linux,platform/build,defect,C,serious functional defect,low,not established,not code-verified,,CMakeLists.txt; cmake/; gui/src/ocpn_platform.cpp,Unresolved; taxonomy-only triage. Read/reproduce before changing code.,metadata/title/body triage
5311,"Waypoint Closing Velocity (VMG) in PGN 129284 is sent in knots instead of m/s, causing NMEA2000 displays to show ~1.94x actual VMG",2026-07-16,0.1,bug,not established/cross-platform,communications/navigation,defect,A,safety/correctness critical,proven,deterministic,open on upstream master,,model/src/autopilot_output.cpp,Proven unit mismatch: knots passed where N2K requires m/s.,thread and code reviewed
5310,Android build uses outdated / not upstream wxWidget 3.1 version,2026-07-16,0.1,bug,Android,platform/build,defect,C,serious functional defect,low,not established,not code-verified,,CMakeLists.txt; cmake/; gui/src/ocpn_platform.cpp,Unresolved; taxonomy-only triage. Read/reproduce before changing code.,metadata/title/body triage
5308,Toolbar Y position shifts by fixed 48px on launch when using non-Default scaled display resolution (macOS),2026-07-15,0.1,bug,macOS,platform/build,defect,C,serious functional defect,low,not established,not code-verified,,CMakeLists.txt; cmake/; gui/src/ocpn_platform.cpp,Unresolved; taxonomy-only triage. Read/reproduce before changing code.,metadata/title/body triage
5307,macOS: ToolbarY jump when close to the dock,2026-07-14,0.1,bug,macOS,platform/build,defect,C,serious functional defect,low,not established,not code-verified,,CMakeLists.txt; cmake/; gui/src/ocpn_platform.cpp,Unresolved; taxonomy-only triage. Read/reproduce before changing code.,metadata/title/body triage
5306,"Crash on startup (EXCEPTION_ACCESS_VIOLATION, NULL pointer read) in opencpn.exe - build 5.14.0-0+91f3b67",2026-07-12,0.1,bug,Windows,startup/rendering,defect,B,crash/hang/data integrity,medium,reported deterministic on one Windows system,open; symbolized stack still needed,#5296; #5231,gui/src/gl_chart_canvas.cpp; plug-in render callbacks,"Null read is proven by the dump, but the final log line does not establish whether core rendering, the graphics driver, or an o-charts callback supplied the null object.",manual issue review
5304,Measure Tool reverses Magnetic Variation when crossing 180 Meridian,2026-07-11,0.1,bug,Windows,navigation/UI,defect,C,serious functional defect,high,reported deterministic,open on upstream master,,gui/src/chcanv.cpp; gui/src/ocpn_frame.cpp,Dateline midpoint is computed by arithmetic averaging; an asynchronous WMM plug-in query also returns global state rather than a value associated with the request.,thread and code reviewed
5299,Compilation issue against GDALProgressFunc,2026-07-06,0.1,bug|wontfix,not established/cross-platform,charts/rendering,defect,E,performance/resource,medium,not established,not code-verified,,"gui/src/{chartdbs,chartimg,gl_*}.cpp",Unresolved; taxonomy-only triage. Read/reproduce before changing code.,metadata/title/body triage
5297,Make creating a TCP server simpler,2026-07-05,0.1,enhancement,not established/cross-platform,communications/navigation,feature/enhancement,H,feature request,medium,not established,not code-verified,,model/src/comm_*; model/src/georef.cpp,Unresolved; taxonomy-only triage. Read/reproduce before changing code.,metadata/title/body triage
5296,"Chart database rebuild crashes non-deterministically in 5.14.0 (regression, unrelated to plugins/chart type)",2026-07-04,0.1,,Windows,charts/plugins,defect,B,crash/hang/data integrity,low,intermittent and scope changed during thread,open on upstream master,#5248; #5231; #5306,gui/src/chartdbs.cpp; gui/src/pluginmanager.cpp; o-charts plug-in state,"Later reports point toward persistent o-charts/EULA state, but the issue's original claim that plug-ins and chart type were excluded was not reproduced.",manual issue review
5287,Segmentation fault in ocpnFloatingToolbarDialog::HideTooltip (this=0x0) when clicking Tools -> Settings (First Run App),2026-06-26,0.1,bug|info needed,not established/cross-platform,startup/UI,defect,B,crash/hang/data integrity,proven,first-run deterministic,candidate fix on upstream master; regression/backport verification needed,,gui/src/ocpn_frame.cpp; gui/src/toolbar.cpp,"Release 5.14 permits an event before g_MainToolbar exists and dereferences it. Current master routes this through null-safe HideTbarTooltip, but has no issue-linked regression proof.",thread and code reviewed
5286,TCP data transmission (YD NMEA Wifi Router) periodically stops.,2026-06-24,0.2,bug,Windows,routes/tracks/storage,defect,C,serious functional defect,medium,not established,not code-verified,,"model/src/{route,track,navobj_db}.cpp; gui/src/navutil.cpp",Unresolved; taxonomy-only triage. Read/reproduce before changing code.,metadata/title/body triage
5282,Recording depth data to a track,2026-06-20,0.2,enhancement,not established/cross-platform,routes/tracks/storage,feature/enhancement,H,feature request,medium,not established,not code-verified,,"model/src/{route,track,navobj_db}.cpp; gui/src/navutil.cpp",Unresolved; taxonomy-only triage. Read/reproduce before changing code.,metadata/title/body triage
5275,Fonts are not applied to the status bar (Windows),2026-06-16,0.2,bug,Windows,platform/build,defect,C,serious functional defect,medium,not established,not code-verified,,CMakeLists.txt; cmake/; gui/src/ocpn_platform.cpp,Unresolved; taxonomy-only triage. Read/reproduce before changing code.,metadata/title/body triage
5268,Using Inland ECDIS sets the toolbar y-pos to 100 and does not reset afterwards.,2026-06-14,0.2,bug,not established/cross-platform,UI/general,defect,C,serious functional defect,medium,not established,not code-verified,,gui/src (issue-specific),Unresolved; taxonomy-only triage. Read/reproduce before changing code.,metadata/title/body triage
5266,"Security: Private vulnerability reports pending review (3 advisories, 36 days)",2026-06-12,0.2,,not established/cross-platform,routes/tracks/storage,build/release,D,platform/build/release,medium,not established,not code-verified,,"model/src/{route,track,navobj_db}.cpp; gui/src/navutil.cpp",Unresolved; taxonomy-only triage. Read/reproduce before changing code.,metadata/title/body triage
5248,5.14 crashing while trying to update chart database,2026-05-28,0.2,bug,macOS|Windows,charts/catalogue,defect,C,serious functional defect,low,not reproduced after directory reset,open; likely support/corrupt-state case,#5296,gui/src/chartdbs.cpp; chartlist.dat,Deleting and re-adding chart directories reportedly restored operation; no code cause established.,manual issue review
5240,OpenCPN 5.14 seems very buggy on Android (new Galaxy S10 Ultra Tablet),2026-05-25,0.2,,Android,Android/release support,compound defect report,C,serious functional defect,low,multiple symptoms on one device,needs issues split/minimized,,Android packaging/UI/plugins (symptom-specific),Umbrella report is useful release feedback but cannot have one code root cause; split into reproducible defects.,manual issue review
5231,OpenCPN 5.14 keeps crashing with O-charts plugin and gr/it/fr charts and extremely laggy,2026-05-23,0.2,bug,Windows,charts/rendering/plugins,defect,B,crash/hang/data integrity,medium,hardware/data-set dependent,open on upstream master,#5296; #5306,gui/src/gl_*; o-charts plug-in; Windows graphics backend,"Long thread narrows part of the problem to Intel Arc/Windows/plug-in interaction, but does not prove one core defect.",manual issue review
5226,Tries to download plugin catalog at startup,2026-05-09,0.3,bug,Linux,communications/navigation,defect,E,performance/resource,medium,not established,not code-verified,,model/src/comm_*; model/src/georef.cpp,Unresolved; taxonomy-only triage. Read/reproduce before changing code.,metadata/title/body triage
5223,Periodic refresh while Showing Tracks,2026-05-07,0.3,enhancement,Android,routes/tracks/storage,feature/enhancement,H,feature request,low,not established,not code-verified,,"model/src/{route,track,navobj_db}.cpp; gui/src/navutil.cpp",Unresolved; taxonomy-only triage. Read/reproduce before changing code.,metadata/title/body triage
5221,When opening large grib file: Grib ERROR: Final 7777 not read: o~o,2026-05-03,0.3,bug,Windows,plugins,defect,C,serious functional defect,medium,not established,not code-verified,,"include/ocpn_plugin.h; gui/src/{pluginmanager,ocpn_plugin_gui,api_121}.cpp",Unresolved; taxonomy-only triage. Read/reproduce before changing code.,metadata/title/body triage
5220,OpenCPN main window can not be on top of plugin windows. Is not focused.,2026-05-03,0.3,bug|info needed,Windows,plugins,defect,C,serious functional defect,medium,not established,not code-verified,,"include/ocpn_plugin.h; gui/src/{pluginmanager,ocpn_plugin_gui,api_121}.cpp",Unresolved; taxonomy-only triage. Read/reproduce before changing code.,metadata/title/body triage
5218,Tidal graph does not show in OpenCPN 5.14 (all platforms),2026-05-02,0.3,bug,macOS|Windows,charts/rendering,defect,C,serious functional defect,medium,not established,not code-verified,,"gui/src/{chartdbs,chartimg,gl_*}.cpp",Unresolved; taxonomy-only triage. Read/reproduce before changing code.,metadata/title/body triage
5215,Add link to crash report after crash,2026-05-01,0.3,enhancement,not established/cross-platform,UI/general,feature/enhancement,H,feature request,medium,not established,not code-verified,,gui/src (issue-specific),Unresolved; taxonomy-only triage. Read/reproduce before changing code.,metadata/title/body triage
5213,Add winget release to release workflow,2026-04-29,0.3,enhancement,not established/cross-platform,UI/general,feature/enhancement,H,feature request,low,not established,not code-verified,,gui/src (issue-specific),Unresolved; taxonomy-only triage. Read/reproduce before changing code.,metadata/title/body triage
5209,Include winget pkgs update in OpenCPN update workflow,2026-04-28,0.3,enhancement,Windows,platform/build,feature/enhancement,H,feature request,low,not established,not code-verified,,CMakeLists.txt; cmake/; gui/src/ocpn_platform.cpp,Unresolved; taxonomy-only triage. Read/reproduce before changing code.,metadata/title/body triage
5205,Unacceptable Import GPX performance,2026-04-27,0.3,bug,not established/cross-platform,routes/tracks/storage,defect,E,performance/resource,low,not established,not code-verified,,"model/src/{route,track,navobj_db}.cpp; gui/src/navutil.cpp",Unresolved; taxonomy-only triage. Read/reproduce before changing code.,metadata/title/body triage
5203,ARPA/MARPA targets with frequent updates never show tracks,2026-04-24,0.3,bug,Raspberry Pi,AIS,defect,C,serious functional defect,low,not established,not code-verified,,model/src/ais_decoder.cpp; gui/src/ais.cpp,Unresolved; taxonomy-only triage. Read/reproduce before changing code.,metadata/title/body triage
5202,"Waypoints created on the fly and shared between routes remain visible after OpenCPN reopening, even when routes are hidden (v. 5.14.0-0 on Windows 11)",2026-04-24,0.3,bug,Windows,routes/storage,defect,B,crash/hang/data integrity,proven,deterministic,open on upstream master,#5200; #5144,model/src/navobj_db.cpp; model/src/route.cpp,"Same persistence/ownership defect as #5200, made visible when shared waypoints are involved.",thread and code reviewed
5200,Waypoints Shared between Routes end up in Marks Database & don't get deleted (new in 5.14),2026-04-23,0.3,bug,Windows,routes/storage,defect,B,crash/hang/data integrity,proven,deterministic,open on upstream master,#5202; #5144,model/src/navobj_db.cpp; gui/src/navutil.cpp,Route deletion removes relationship rows but leaves route-only points orphaned; existing orphan cleanup is unused and would also need to preserve isolated marks.,thread and code reviewed
5197,Plugin API MouseEventHook and Mouse Left Double Click broken on non OpenGL,2026-04-21,0.3,bug,Windows,charts/rendering,defect,C,serious functional defect,low,not established,not code-verified,,"gui/src/{chartdbs,chartimg,gl_*}.cpp",Unresolved; taxonomy-only triage. Read/reproduce before changing code.,metadata/title/body triage
5192,Plugin windows do not show up when using alt + tab,2026-04-14,0.3,enhancement,Windows,plugins,feature/enhancement,H,feature request,medium,not established,not code-verified,,"include/ocpn_plugin.h; gui/src/{pluginmanager,ocpn_plugin_gui,api_121}.cpp",Unresolved; taxonomy-only triage. Read/reproduce before changing code.,metadata/title/body triage
5190,Selecting chart catalog to update immediately freezes OpenCPN,2026-04-13,0.3,bug,not established/cross-platform,charts/rendering,defect,C,serious functional defect,medium,not established,not code-verified,,"gui/src/{chartdbs,chartimg,gl_*}.cpp",Unresolved; taxonomy-only triage. Read/reproduce before changing code.,metadata/title/body triage
5188,RenderOverlayMultiCanvas weird behaviour,2026-04-12,0.4,bug,Windows,plugins,defect,C,serious functional defect,low,not established,not code-verified,,"include/ocpn_plugin.h; gui/src/{pluginmanager,ocpn_plugin_gui,api_121}.cpp",Unresolved; taxonomy-only triage. Read/reproduce before changing code.,metadata/title/body triage
5187,TTM targets hiding behind radar blobs,2026-04-11,0.4,bug,Windows,platform/build,defect,C,serious functional defect,medium,not established,not code-verified,,CMakeLists.txt; cmake/; gui/src/ocpn_platform.cpp,Unresolved; taxonomy-only triage. Read/reproduce before changing code.,metadata/title/body triage
5182,Add date and time format options,2026-04-08,0.4,enhancement,not established/cross-platform,UI/general,feature/enhancement,H,feature request,medium,not established,not code-verified,,gui/src (issue-specific),Unresolved; taxonomy-only triage. Read/reproduce before changing code.,metadata/title/body triage
5181,plugin tab and current tab disappear when clicking the plugin tab in options,2026-04-08,0.4,bug,Windows,plugins,defect,C,serious functional defect,low,not established,not code-verified,,"include/ocpn_plugin.h; gui/src/{pluginmanager,ocpn_plugin_gui,api_121}.cpp",Unresolved; taxonomy-only triage. Read/reproduce before changing code.,metadata/title/body triage
5180,Offer 64 bit build for windows. Currently 32 bit,2026-04-07,0.4,enhancement,Windows,routes/tracks/storage,feature/enhancement,H,feature request,medium,not established,not code-verified,,"model/src/{route,track,navobj_db}.cpp; gui/src/navutil.cpp",Unresolved; taxonomy-only triage. Read/reproduce before changing code.,metadata/title/body triage
5177,Send route to GPS as nmea183 opens nmea183 bridge even if it's not set up to do it.,2026-04-05,0.4,bug,not established/cross-platform,AIS,defect,C,serious functional defect,medium,not established,not code-verified,,model/src/ais_decoder.cpp; gui/src/ais.cpp,Unresolved; taxonomy-only triage. Read/reproduce before changing code.,metadata/title/body triage
5176,"Drop support for old, intel-only macos plugins",2026-04-03,0.4,enhancement,macOS,plugins,feature/enhancement,H,feature request,low,not established,not code-verified,,"include/ocpn_plugin.h; gui/src/{pluginmanager,ocpn_plugin_gui,api_121}.cpp",Unresolved; taxonomy-only triage. Read/reproduce before changing code.,metadata/title/body triage
5174,Use netcdf files in grib plugin,2026-04-02,0.4,enhancement,not established/cross-platform,plugins,feature/enhancement,H,feature request,medium,not established,not code-verified,,"include/ocpn_plugin.h; gui/src/{pluginmanager,ocpn_plugin_gui,api_121}.cpp",Unresolved; taxonomy-only triage. Read/reproduce before changing code.,metadata/title/body triage
5173,Allowing using escape key to exit centre view window,2026-04-02,0.4,enhancement,not established/cross-platform,plugins,feature/enhancement,H,feature request,low,not established,not code-verified,,"include/ocpn_plugin.h; gui/src/{pluginmanager,ocpn_plugin_gui,api_121}.cpp",Unresolved; taxonomy-only triage. Read/reproduce before changing code.,metadata/title/body triage
5171,Core plugins do not show version in options,2026-04-01,0.4,bug,not established/cross-platform,plugins,defect,C,serious functional defect,medium,not established,not code-verified,,"include/ocpn_plugin.h; gui/src/{pluginmanager,ocpn_plugin_gui,api_121}.cpp",Unresolved; taxonomy-only triage. Read/reproduce before changing code.,metadata/title/body triage
5170,OpenCPN crash when plugin is adding a chart and after that on startup,2026-03-31,0.4,bug,not established/cross-platform,charts/plugins,defect,B,crash/hang/data integrity,high,intermittent,open on upstream master,,gui/src/ocpn_plugin_gui.cpp; gui/src/chartdbs.cpp,AddChartToDBInPlace deletes and recreates global ChartData while canvases and plug-ins can retain references.,thread and code reviewed
5168,Menus Show option (⌥) Key for Keyboard Shortcuts on macOS; Windows Does not Show Alt Key in Menus,2026-03-29,0.4,bug,macOS|Windows,charts/rendering,defect,C,serious functional defect,medium,not established,not code-verified,,"gui/src/{chartdbs,chartimg,gl_*}.cpp",Unresolved; taxonomy-only triage. Read/reproduce before changing code.,metadata/title/body triage
5167,Grib File Download Local files fail for MET.NO,2026-03-29,0.4,bug,not established/cross-platform,charts/rendering,defect,C,serious functional defect,low,not established,not code-verified,,"gui/src/{chartdbs,chartimg,gl_*}.cpp",Unresolved; taxonomy-only triage. Read/reproduce before changing code.,metadata/title/body triage
5162,Data Monitor Window Appears Instead of the Letter e,2026-03-27,0.4,bug,macOS|Windows,routes/tracks/storage,defect,C,serious functional defect,medium,not established,not code-verified,,"model/src/{route,track,navobj_db}.cpp; gui/src/navutil.cpp",Unresolved; taxonomy-only triage. Read/reproduce before changing code.,metadata/title/body triage
5149,The notification icon does not scale when increasing the UI Scale Factor.,2026-03-23,0.4,bug,not established/cross-platform,UI/general,defect,C,serious functional defect,medium,not established,not code-verified,,gui/src (issue-specific),Unresolved; taxonomy-only triage. Read/reproduce before changing code.,metadata/title/body triage
5145,OpenCPN crash during SignalK AIS delta update (only on macOS!),2026-03-22,0.4,bug,macOS|Windows|Linux|Raspberry Pi,AIS/Signal K,defect,B,crash/hang/data integrity,proven,input-dependent,open on upstream master,,model/src/ais_decoder.cpp,RapidJSON values are read using GetString/GetBool/GetInt without type checks; malformed or schema-drifted input asserts or has undefined behaviour.,thread and code reviewed
5144,Circular routes and start/end routepoint.,2026-03-22,0.4,bug,Windows,routes/storage,defect,B,crash/hang/data integrity,proven,deterministic upgrade,fixed on upstream master; release verification needed,#5200; #5202,model/src/navobj_db_migrator.cpp; model/src/navobj_db.cpp,A database schema change shipped without the required migration; master now contains the migration.,thread and code reviewed
5139,Add copy-to-clipboard support in object query (S57) dialog,2026-03-18,0.4,enhancement,not established/cross-platform,routes/tracks/storage,feature/enhancement,H,feature request,low,not established,not code-verified,,"model/src/{route,track,navobj_db}.cpp; gui/src/navutil.cpp",Unresolved; taxonomy-only triage. Read/reproduce before changing code.,metadata/title/body triage
5137,charts: absolute source dir becomes relative,2026-03-17,0.4,bug,Windows|Linux,charts/rendering,defect,C,serious functional defect,medium,not established,not code-verified,,"gui/src/{chartdbs,chartimg,gl_*}.cpp",Unresolved; taxonomy-only triage. Read/reproduce before changing code.,metadata/title/body triage
5125,appveyor.bat is not working in current master branch due to change in host arch,2026-03-09,0.4,,Windows,platform/build,defect,C,serious functional defect,medium,not established,not code-verified,,CMakeLists.txt; cmake/; gui/src/ocpn_platform.cpp,Unresolved; taxonomy-only triage. Read/reproduce before changing code.,metadata/title/body triage
5124,Chart quilter does not layer raster (RNC) charts correctly,2026-03-07,0.4,bug,Windows,charts/rendering,defect,C,serious functional defect,medium,not established,not code-verified,,"gui/src/{chartdbs,chartimg,gl_*}.cpp",Unresolved; taxonomy-only triage. Read/reproduce before changing code.,metadata/title/body triage
5121,WatchDog has a critical issue with checkboxes on high-resolution screens.,2026-03-06,0.5,enhancement,not established/cross-platform,AIS,feature/enhancement,H,feature request,medium,not established,not code-verified,,model/src/ais_decoder.cpp; gui/src/ais.cpp,Unresolved; taxonomy-only triage. Read/reproduce before changing code.,metadata/title/body triage
5116,"When setting ""Automatic Daily Tracks at"" to 00:00:00 UTC, the setting reverts to 23:00 UTC on restart.",2026-02-28,0.5,bug,Windows,routes/tracks/storage,defect,C,serious functional defect,medium,not established,not code-verified,,"model/src/{route,track,navobj_db}.cpp; gui/src/navutil.cpp",Unresolved; taxonomy-only triage. Read/reproduce before changing code.,metadata/title/body triage
5112,"Allow to ""colorize"" or customize color of mbtiles tab",2026-02-26,0.5,enhancement,not established/cross-platform,charts/rendering,feature/enhancement,H,feature request,low,not established,not code-verified,,"gui/src/{chartdbs,chartimg,gl_*}.cpp",Unresolved; taxonomy-only triage. Read/reproduce before changing code.,metadata/title/body triage
5109,OpenCpn freezes when launched. No way to close it except by log off,2026-02-24,0.5,bug|info needed,not established/cross-platform,charts/rendering,defect,C,serious functional defect,medium,not established,not code-verified,,"gui/src/{chartdbs,chartimg,gl_*}.cpp",Unresolved; taxonomy-only triage. Read/reproduce before changing code.,metadata/title/body triage
5102,OpenCPN Stuck and freeze when there is too much mbtiles files,2026-02-23,0.5,bug,not established/cross-platform,charts/performance,defect,E,performance/resource,high,reported deterministic at scale,open on upstream master,,gui/src/mbtiles; gui/src/chartdb.cpp,"Large-catalog path needs profiling; likely synchronous catalogue/tile work, not yet proven.",manual issue review
5097,"Android Buttons ""Continuer"" and ""Modifier"" Android Tab A9+",2026-02-22,0.5,bug,Android,charts/rendering,defect,C,serious functional defect,low,not established,not code-verified,,"gui/src/{chartdbs,chartimg,gl_*}.cpp",Unresolved; taxonomy-only triage. Read/reproduce before changing code.,metadata/title/body triage
5085,OpenCPN send out PGN 59904 before every other PGN in N2KFormat_YD_RAW,2026-02-17,0.5,bug,not established/cross-platform,communications/navigation,defect,C,serious functional defect,medium,not established,not code-verified,,model/src/comm_*; model/src/georef.cpp,Unresolved; taxonomy-only triage. Read/reproduce before changing code.,metadata/title/body triage
5082,"Target Query Dialog: Not HDPI aware, layout issues",2026-02-16,0.5,bug|deferred,Linux,AIS,defect,C,serious functional defect,medium,not established,not code-verified,,model/src/ais_decoder.cpp; gui/src/ais.cpp,Unresolved; taxonomy-only triage. Read/reproduce before changing code.,metadata/title/body triage
5069,AIS type 14 messages not being displayed and not complying with ITU-R M.1371-5,2026-02-08,0.5,enhancement,not established/cross-platform,AIS,defect/compliance,A,safety/correctness critical,medium,supplied message corpus,open on upstream master,,model/src/ais_decoder.cpp; model/src/ais_target_data.cpp,Type-14 lifetime and presentation are attached to target state; the claimed standards interpretation requires maintainer/spec verification before behaviour changes.,thread and code reviewed
5015,Layer linked route waypoint copies,2026-01-08,0.6,enhancement,not established/cross-platform,routes/tracks/storage,feature/enhancement,H,feature request,medium,not established,not code-verified,,"model/src/{route,track,navobj_db}.cpp; gui/src/navutil.cpp",Unresolved; taxonomy-only triage. Read/reproduce before changing code.,metadata/title/body triage
5010,Visually distinct layer mark duplicates,2026-01-07,0.6,enhancement,not established/cross-platform,AIS,feature/enhancement,H,feature request,low,not established,not code-verified,,model/src/ais_decoder.cpp; gui/src/ais.cpp,Unresolved; taxonomy-only triage. Read/reproduce before changing code.,metadata/title/body triage
5009,Stable layer GUID,2026-01-07,0.6,enhancement,not established/cross-platform,routes/tracks/storage,feature/enhancement,H,feature request,medium,not established,not code-verified,,"model/src/{route,track,navobj_db}.cpp; gui/src/navutil.cpp",Unresolved; taxonomy-only triage. Read/reproduce before changing code.,metadata/title/body triage
5004,Allow route creation to reuse layer waypoints by duplicating them,2026-01-02,0.6,enhancement,not established/cross-platform,routes/tracks/storage,feature/enhancement,H,feature request,medium,not established,not code-verified,,"model/src/{route,track,navobj_db}.cpp; gui/src/navutil.cpp",Unresolved; taxonomy-only triage. Read/reproduce before changing code.,metadata/title/body triage
4983,OCPN 5.13 crashes with EXC_BAD_ACCESS possibly as a result of processing MBTiles,2025-12-18,0.7,bug,macOS,charts/rendering,defect,B,crash/hang/data integrity,high,intermittent under cache rebuild,open on upstream master,#3851; #4842,gui/src/gl_texture_mgr.cpp; gui/src/gl_tex_cache.cpp,Strong lifetime/race hypothesis around asynchronous texture-cache jobs; exact crashing interleaving not yet proven.,thread and code reviewed
4967,"Automatic column width for Route Properties, Tracks, and the AIS Target List.",2025-12-14,0.7,enhancement,not established/cross-platform,AIS,feature/enhancement,H,feature request,medium,not established,not code-verified,,model/src/ais_decoder.cpp; gui/src/ais.cpp,Unresolved; taxonomy-only triage. Read/reproduce before changing code.,metadata/title/body triage
4959,Dynamically updating data from the Layer section,2025-12-10,0.7,enhancement,not established/cross-platform,routes/tracks/storage,feature/enhancement,H,feature request,medium,not established,not code-verified,,"model/src/{route,track,navobj_db}.cpp; gui/src/navutil.cpp",Unresolved; taxonomy-only triage. Read/reproduce before changing code.,metadata/title/body triage
4886,Add direct download page for RTOFS grip files in grip-Plugin,2025-11-08,0.8,enhancement,not established/cross-platform,plugins,feature/enhancement,H,feature request,medium,not established,not code-verified,,"include/ocpn_plugin.h; gui/src/{pluginmanager,ocpn_plugin_gui,api_121}.cpp",Unresolved; taxonomy-only triage. Read/reproduce before changing code.,metadata/title/body triage
4881,Add option to choose between arrival circle and normal crossing to validate waypoint in autopilot,2025-11-05,0.8,,not established/cross-platform,routes/tracks/storage,documentation/support,I,documentation/support,medium,not established,not code-verified,,"model/src/{route,track,navobj_db}.cpp; gui/src/navutil.cpp",Unresolved; taxonomy-only triage. Read/reproduce before changing code.,metadata/title/body triage
4880,AIS Target Alert Message - Remind user in Target Alert Message of Timeout setting,2025-11-05,0.8,enhancement,not established/cross-platform,AIS,feature/enhancement,H,feature request,medium,not established,not code-verified,,model/src/ais_decoder.cpp; gui/src/ais.cpp,Unresolved; taxonomy-only triage. Read/reproduce before changing code.,metadata/title/body triage
4879,"AIS Settings - Reword ""Enable Target Alert Timeout Setting"" for clarity and better understanding.",2025-11-05,0.8,enhancement,not established/cross-platform,AIS,feature/enhancement,H,feature request,medium,not established,not code-verified,,model/src/ais_decoder.cpp; gui/src/ais.cpp,Unresolved; taxonomy-only triage. Read/reproduce before changing code.,metadata/title/body triage
4872,Suggestion for improving Vessels re-triggering AIS-Alarm,2025-11-02,0.8,enhancement,not established/cross-platform,AIS,feature/enhancement,H,feature request,medium,not established,not code-verified,,model/src/ais_decoder.cpp; gui/src/ais.cpp,Unresolved; taxonomy-only triage. Read/reproduce before changing code.,metadata/title/body triage
4870,OpenCPN 5.13 segfaults in ChartGroupsUI::OnGroupPageChange (options.cpp:9125),2025-11-01,0.8,bug,macOS,charts/rendering,defect,B,crash/hang/data integrity,medium,not established,not code-verified,,"gui/src/{chartdbs,chartimg,gl_*}.cpp",Unresolved; taxonomy-only triage. Read/reproduce before changing code.,metadata/title/body triage
4865,OCPN 5.13 crashes in cm93chart::CreateObjChain() when displaying CM93 charts,2025-10-29,0.8,bug,macOS,charts/CM93,defect,B,crash/hang/data integrity,low,unconfirmed,open on upstream master,,gui/src/cm93.cpp,Crash report lacks a minimized chart/input and code-level cause.,manual issue review
4843,Ghost navobj,2025-10-16,0.8,bug|deferred,macOS,routes/plugins/storage,defect,C,serious functional defect,medium,platform-specific recipe,open on upstream master,,gui/src/api_121.cpp; model/src/navobj_db.cpp,Plug-in update path duplicates delete/re-add/index/persistence operations; a stale-instance or ordering defect is plausible but unproven.,thread and code reviewed
4842,OpenCPN 5.13 seg faults in glTexFactory::GetpTD(wxRect&) while displaying pilot charts on macos,2025-10-15,0.8,bug,macOS,charts/rendering,defect,B,crash/hang/data integrity,medium,intermittent macOS,possibly affected by #4914; needs closure verification,#4983; #3851; PR #4914,gui/src/gl_texture_mgr.cpp; gui/src/gl_tex_cache.cpp,"Texture lifetime issue; later shared-ownership work may have fixed it, but no regression proof is attached.",thread and code reviewed
4804,"Visualization issues, broken geometry in S-57",2025-09-27,0.9,bug,not established/cross-platform,charts/rendering,defect,C,serious functional defect,medium,not established,not code-verified,,"gui/src/{chartdbs,chartimg,gl_*}.cpp",Unresolved; taxonomy-only triage. Read/reproduce before changing code.,metadata/title/body triage
4802,Add Popup Info Panel for Weather Data Display,2025-09-25,0.9,enhancement,not established/cross-platform,charts/rendering,feature/enhancement,H,feature request,medium,not established,not code-verified,,"gui/src/{chartdbs,chartimg,gl_*}.cpp",Unresolved; taxonomy-only triage. Read/reproduce before changing code.,metadata/title/body triage
4801,Audio device checkbox without functionality,2025-09-25,0.9,enhancement,Windows,platform/build,feature/enhancement,H,feature request,medium,not established,not code-verified,,CMakeLists.txt; cmake/; gui/src/ocpn_platform.cpp,Unresolved; taxonomy-only triage. Read/reproduce before changing code.,metadata/title/body triage
4798,AIS Target List on Android,2025-09-25,0.9,enhancement,Android|Windows|Linux,AIS,feature/enhancement,H,feature request,low,not established,not code-verified,,model/src/ais_decoder.cpp; gui/src/ais.cpp,Unresolved; taxonomy-only triage. Read/reproduce before changing code.,metadata/title/body triage
4794,Let users decide how they want mbTiles handled (on/off) on startup,2025-09-24,0.9,enhancement,not established/cross-platform,routes/tracks/storage,feature/enhancement,H,feature request,medium,not established,not code-verified,,"model/src/{route,track,navobj_db}.cpp; gui/src/navutil.cpp",Unresolved; taxonomy-only triage. Read/reproduce before changing code.,metadata/title/body triage
4790,"Consistently use FormatDistanceAdaptive() to pair Nautical Miles with ""feet""",2025-09-22,0.9,enhancement,not established/cross-platform,UI/general,feature/enhancement,H,feature request,medium,not established,not code-verified,,gui/src (issue-specific),Unresolved; taxonomy-only triage. Read/reproduce before changing code.,metadata/title/body triage
4789,Route> Properties > Speed units not shown.,2025-09-22,0.9,enhancement,not established/cross-platform,routes/tracks/storage,feature/enhancement,H,feature request,low,not established,not code-verified,,"model/src/{route,track,navobj_db}.cpp; gui/src/navutil.cpp",Unresolved; taxonomy-only triage. Read/reproduce before changing code.,metadata/title/body triage
4786,WP-Rings more distance options (for anchorages/harbors),2025-09-22,0.9,enhancement,not established/cross-platform,UI/general,feature/enhancement,H,feature request,medium,not established,not code-verified,,gui/src (issue-specific),Unresolved; taxonomy-only triage. Read/reproduce before changing code.,metadata/title/body triage
4780,Downloading and ingesting new charts halted the TCP NMEA0183 network connection,2025-09-20,0.9,bug,Windows,communications/charts,defect,C,serious functional defect,medium,reported deterministic,open on upstream master,,gui/src/chartdldr; model/src/comm_drv_n0183_net.cpp,Likely GUI/main-loop starvation during chart download; needs a trace before extraction.,manual issue review
4772,Improve Distance Units System for Better Clarity and Functionality,2025-09-15,0.9,enhancement,not established/cross-platform,charts/rendering,feature/enhancement,H,feature request,medium,not established,not code-verified,,"gui/src/{chartdbs,chartimg,gl_*}.cpp",Unresolved; taxonomy-only triage. Read/reproduce before changing code.,metadata/title/body triage
4771,Grib_pi: File correction,2025-09-15,0.9,,not established/cross-platform,plugins,needs triage,F,usability/UI,low,not established,not code-verified,,"include/ocpn_plugin.h; gui/src/{pluginmanager,ocpn_plugin_gui,api_121}.cpp",Unresolved; taxonomy-only triage. Read/reproduce before changing code.,metadata/title/body triage
4769,Bad draw of line objects and area objects' boundary,2025-09-15,0.9,bug,Windows,charts/rendering,defect,C,serious functional defect,medium,not established,not code-verified,,"gui/src/{chartdbs,chartimg,gl_*}.cpp",Unresolved; taxonomy-only triage. Read/reproduce before changing code.,metadata/title/body triage
4753,Include git commit hash in version information for builds in local workspace,2025-09-08,0.9,enhancement,Windows|Linux,platform/build,feature/enhancement,H,feature request,medium,not established,not code-verified,,CMakeLists.txt; cmake/; gui/src/ocpn_platform.cpp,Unresolved; taxonomy-only triage. Read/reproduce before changing code.,metadata/title/body triage
4745,Tide and Current Panels - Format Issues,2025-09-06,0.9,bug,Windows,tides/UI,defect,F,usability/UI,high,reported deterministic,crash portion fixed; formatting remains,,gui/src/tc_win.cpp,"Current open scope is panel formatting, not the already-fixed crash mentioned in the body.",manual issue review
4742,Display ENC Depth (Sounding) at Cursor and at Own Ship Position / ADD Isobath depth labels to chart,2025-09-05,1.0,enhancement,not established/cross-platform,routes/tracks/storage,feature/enhancement,H,feature request,medium,not established,not code-verified,,"model/src/{route,track,navobj_db}.cpp; gui/src/navutil.cpp",Unresolved; taxonomy-only triage. Read/reproduce before changing code.,metadata/title/body triage
4737,Improve time control actions in tide panel,2025-09-03,1.0,enhancement,Windows,plugins,feature/enhancement,H,feature request,medium,not established,not code-verified,,"include/ocpn_plugin.h; gui/src/{pluginmanager,ocpn_plugin_gui,api_121}.cpp",Unresolved; taxonomy-only triage. Read/reproduce before changing code.,metadata/title/body triage
4735,Wrong units in Tide window and for Tide icon,2025-09-02,1.0,bug,not established/cross-platform,tides/currents,defect,C,serious functional defect,medium,not established,not code-verified,,gui/src/tcmgr.cpp; gui/src/tcwin.cpp,Unresolved; taxonomy-only triage. Read/reproduce before changing code.,metadata/title/body triage
4733,grib_pi - Android sandbox makes loading grib files painful,2025-08-31,1.0,bug,Android,charts/rendering,defect,C,serious functional defect,medium,not established,not code-verified,,"gui/src/{chartdbs,chartimg,gl_*}.cpp",Unresolved; taxonomy-only triage. Read/reproduce before changing code.,metadata/title/body triage
4732,Improve handling of NMEA0183 checksum,2025-08-31,1.0,enhancement,not established/cross-platform,communications/navigation,feature/enhancement,H,feature request,medium,not established,not code-verified,,model/src/comm_*; model/src/georef.cpp,Unresolved; taxonomy-only triage. Read/reproduce before changing code.,metadata/title/body triage
4723,API: layer order,2025-08-23,1.0,enhancement,not established/cross-platform,plugins,feature/enhancement,H,feature request,medium,not established,not code-verified,,"include/ocpn_plugin.h; gui/src/{pluginmanager,ocpn_plugin_gui,api_121}.cpp",Unresolved; taxonomy-only triage. Read/reproduce before changing code.,metadata/title/body triage
4710,"High DPI, High Res Screens Fix",2025-08-14,1.0,enhancement,Windows,routes/tracks/storage,feature/enhancement,H,feature request,medium,not established,not code-verified,,"model/src/{route,track,navobj_db}.cpp; gui/src/navutil.cpp",Unresolved; taxonomy-only triage. Read/reproduce before changing code.,metadata/title/body triage
4702,High-DPI issues on Wayland,2025-08-10,1.0,bug,Windows|Linux|Wayland,charts/rendering,defect,C,serious functional defect,medium,not established,not code-verified,,"gui/src/{chartdbs,chartimg,gl_*}.cpp",Unresolved; taxonomy-only triage. Read/reproduce before changing code.,metadata/title/body triage
4698,Dashboard: Current?,2025-08-08,1.0,enhancement,not established/cross-platform,charts/rendering,feature/enhancement,H,feature request,low,not established,not code-verified,,"gui/src/{chartdbs,chartimg,gl_*}.cpp",Unresolved; taxonomy-only triage. Read/reproduce before changing code.,metadata/title/body triage
4686,Crash when sending autopilot sentences out via Actisense NGT-1,2025-07-31,1.0,bug,macOS,communications/N2K,defect,A,safety/correctness critical,medium,hardware-dependent,open on upstream master,#4554; #3316; #5311,model/src/autopilot_output.cpp; model/src/comm_drv_n2k_serial.cpp,N2K output/serial cluster; exact crash cause not proven.,thread and code reviewed
4684,OpenCPN uninstall doesn't remove directory on Windows,2025-07-31,1.0,bug,Windows,platform/build,defect,C,serious functional defect,medium,not established,not code-verified,,CMakeLists.txt; cmake/; gui/src/ocpn_platform.cpp,Unresolved; taxonomy-only triage. Read/reproduce before changing code.,metadata/title/body triage
4670,Teleported positions,2025-07-25,1.1,bug,macOS,AIS/ownship,defect/robustness,A,safety/correctness critical,high,deterministic with device input,open on upstream master,,model/src/comm_bridge.cpp; model/src/ais_decoder.cpp,External device emits another target as AIVDO; core accepts it as ownship without an MMSI/configuration consistency policy.,thread and code reviewed
4669,"""show visible sector lights"" missing from 'View' menu",2025-07-25,1.1,,not established/cross-platform,AIS,defect,C,serious functional defect,medium,not established,not code-verified,,model/src/ais_decoder.cpp; gui/src/ais.cpp,Unresolved; taxonomy-only triage. Read/reproduce before changing code.,metadata/title/body triage
4657,Update libssl-3.dll and libcrypto-3.dll to 3.0.17,2025-07-21,1.1,,not established/cross-platform,UI/general,needs triage,F,usability/UI,medium,not established,not code-verified,,gui/src (issue-specific),Unresolved; taxonomy-only triage. Read/reproduce before changing code.,metadata/title/body triage
4651,Give an information if a GPS source switching has taken place on the signalk side.,2025-07-11,1.1,enhancement,not established/cross-platform,AIS,feature/enhancement,H,feature request,medium,not established,not code-verified,,model/src/ais_decoder.cpp; gui/src/ais.cpp,Unresolved; taxonomy-only triage. Read/reproduce before changing code.,metadata/title/body triage
4642,Unable to start 5.11 beta versions,2025-07-03,1.1,bug|macOS,macOS,startup/build,defect,J,likely resolved/stale/duplicate,low,old 5.11 beta,likely stale; revalidate current release,,startup/build packaging,Unable-to-start report targets obsolete beta builds and needs a current reproduction.,manual issue review
4624,Safe mode dialog: ugly buttons,2025-06-23,1.2,bug,Linux,UI/general,defect,C,serious functional defect,low,not established,not code-verified,,gui/src (issue-specific),Unresolved; taxonomy-only triage. Read/reproduce before changing code.,metadata/title/body triage
4617,Extra dashboard 'instrument' Speed and course history,2025-06-21,1.2,enhancement,not established/cross-platform,UI/general,feature/enhancement,H,feature request,medium,not established,not code-verified,,gui/src (issue-specific),Unresolved; taxonomy-only triage. Read/reproduce before changing code.,metadata/title/body triage
4614,[OSX 15.5] Send to peer instance not discoverable - mdns issue,2025-06-20,1.2,bug|info needed,Android,routes/tracks/storage,defect,C,serious functional defect,medium,not established,not code-verified,,"model/src/{route,track,navobj_db}.cpp; gui/src/navutil.cpp",Unresolved; taxonomy-only triage. Read/reproduce before changing code.,metadata/title/body triage
4611,Android - Add GPX file handler,2025-06-19,1.2,enhancement,Android,routes/tracks/storage,feature/enhancement,H,feature request,medium,not established,not code-verified,,"model/src/{route,track,navobj_db}.cpp; gui/src/navutil.cpp",Unresolved; taxonomy-only triage. Read/reproduce before changing code.,metadata/title/body triage
4607,libs/gui/dialog_base: Minimum size potentially larger than screen,2025-06-18,1.2,bug,not established/cross-platform,UI/general,defect,C,serious functional defect,low,not established,not code-verified,,gui/src (issue-specific),Unresolved; taxonomy-only triage. Read/reproduce before changing code.,metadata/title/body triage
4595,Toggle any chart folder on or off in the Options/Charts menu,2025-06-15,1.2,enhancement,not established/cross-platform,charts/rendering,feature/enhancement,H,feature request,medium,not established,not code-verified,,"gui/src/{chartdbs,chartimg,gl_*}.cpp",Unresolved; taxonomy-only triage. Read/reproduce before changing code.,metadata/title/body triage
4585,libs/gui/src/dialog*.cpp: Illegal use of FindWindowById,2025-06-09,1.2,bug,not established/cross-platform,UI/general,defect,C,serious functional defect,low,not established,not code-verified,,gui/src (issue-specific),Unresolved; taxonomy-only triage. Read/reproduce before changing code.,metadata/title/body triage
4577,Dashboard: Add dampening factor for True Wind Direction?,2025-06-06,1.2,enhancement,not established/cross-platform,UI/general,feature/enhancement,H,feature request,medium,not established,not code-verified,,gui/src (issue-specific),Unresolved; taxonomy-only triage. Read/reproduce before changing code.,metadata/title/body triage
4561,ENC OpenGL Dam disapears when zooming in.,2025-05-30,1.2,bug,not established/cross-platform,charts/rendering,defect,C,serious functional defect,low,not established,not code-verified,,"gui/src/{chartdbs,chartimg,gl_*}.cpp",Unresolved; taxonomy-only triage. Read/reproduce before changing code.,metadata/title/body triage
4560,"Quilt yes/no by chart groups, and remembered that way",2025-05-30,1.2,enhancement,not established/cross-platform,charts/rendering,feature/enhancement,H,feature request,low,not established,not code-verified,,"gui/src/{chartdbs,chartimg,gl_*}.cpp",Unresolved; taxonomy-only triage. Read/reproduce before changing code.,metadata/title/body triage
4559,ECN chart text display squeezed,2025-05-29,1.2,bug|info needed,Windows,charts/rendering,defect,C,serious functional defect,medium,not established,not code-verified,,"gui/src/{chartdbs,chartimg,gl_*}.cpp",Unresolved; taxonomy-only triage. Read/reproduce before changing code.,metadata/title/body triage
4554,Occasional crash around N2K driver when quitting OCPN,2025-05-27,1.2,bug,macOS,communications/N2K,defect,B,crash/hang/data integrity,high,intermittent hardware-dependent,open on upstream master,#3316; #4686,model/src/comm_drv_n2k_serial.cpp; model/src/comm_drv_registry.cpp,"Serial-driver fault and shutdown crash are reported. Plain cross-thread flags, raw parent/thread pointers and non-joining Close are concrete hazards; causal interleaving remains unproven.",thread and code reviewed
4543,Generate an OpenCPN Message upon routepoint creation,2025-05-19,1.2,enhancement,not established/cross-platform,routes/tracks/storage,feature/enhancement,H,feature request,medium,not established,not code-verified,,"model/src/{route,track,navobj_db}.cpp; gui/src/navutil.cpp",Unresolved; taxonomy-only triage. Read/reproduce before changing code.,metadata/title/body triage
4532,Possibility to lock AIS target list,2025-05-07,1.3,enhancement,not established/cross-platform,AIS,feature/enhancement,H,feature request,medium,not established,not code-verified,,model/src/ais_decoder.cpp; gui/src/ais.cpp,Unresolved; taxonomy-only triage. Read/reproduce before changing code.,metadata/title/body triage
4531,Flatpak Install Errors aarch64,2025-05-07,1.3,User manual,Flatpak,platform/build,documentation/support,I,documentation/support,medium,not established,not code-verified,,CMakeLists.txt; cmake/; gui/src/ocpn_platform.cpp,Unresolved; taxonomy-only triage. Read/reproduce before changing code.,metadata/title/body triage
4490,"Portrayal of leading lights, S-52",2025-04-16,1.3,bug,not established/cross-platform,charts/rendering,defect,C,serious functional defect,low,not established,not code-verified,,"gui/src/{chartdbs,chartimg,gl_*}.cpp",Unresolved; taxonomy-only triage. Read/reproduce before changing code.,metadata/title/body triage
4432,Route point next tide event has incorrect time,2025-04-01,1.4,bug|done,Windows,routes/UI,defect,J,likely resolved/stale/duplicate,proven resolved,deterministic,fixed by PR #4434; close after verification,PR #4434,gui/src/route_prop_dlg.cpp,Issue carries done label and linked fix.,thread and code reviewed
4422,RFE: Tide dialog for route point ETA.,2025-03-30,1.4,enhancement,not established/cross-platform,routes/tracks/storage,feature/enhancement,H,feature request,medium,not established,not code-verified,,"model/src/{route,track,navobj_db}.cpp; gui/src/navutil.cpp",Unresolved; taxonomy-only triage. Read/reproduce before changing code.,metadata/title/body triage
4415,RFE: New plugin API for Sun Position and Day/Night State,2025-03-22,1.4,enhancement,not established/cross-platform,routes/tracks/storage,feature/enhancement,H,feature request,medium,not established,not code-verified,,"model/src/{route,track,navobj_db}.cpp; gui/src/navutil.cpp",Unresolved; taxonomy-only triage. Read/reproduce before changing code.,metadata/title/body triage
4408,RFE Grib_pi Ability to download OFS,2025-03-19,1.4,enhancement,not established/cross-platform,charts/rendering,feature/enhancement,H,feature request,medium,not established,not code-verified,,"gui/src/{chartdbs,chartimg,gl_*}.cpp",Unresolved; taxonomy-only triage. Read/reproduce before changing code.,metadata/title/body triage
4395,S-100 Support,2025-03-11,1.4,enhancement,not established/cross-platform,UI/general,feature/enhancement,H,feature request,medium,not established,not code-verified,,gui/src (issue-specific),Unresolved; taxonomy-only triage. Read/reproduce before changing code.,metadata/title/body triage
4387,"Navigation Safety: Coastlines, Depth Contours, Markers and Hazards",2025-03-01,1.5,enhancement,not established/cross-platform,routes/tracks/storage,feature/enhancement,H,feature request,medium,not established,not code-verified,,"model/src/{route,track,navobj_db}.cpp; gui/src/navutil.cpp",Unresolved; taxonomy-only triage. Read/reproduce before changing code.,metadata/title/body triage
4377,AIS: don't trigger CPA alerts while anchored/stopped.,2025-02-20,1.5,enhancement,not established/cross-platform,AIS,feature/enhancement,H,feature request,medium,not established,not code-verified,,model/src/ais_decoder.cpp; gui/src/ais.cpp,Unresolved; taxonomy-only triage. Read/reproduce before changing code.,metadata/title/body triage
4362,Constructor ocpnDC can fail if initializer DC does not contain valid bitmap,2025-02-09,1.5,,not established/cross-platform,charts/rendering,defect,C,serious functional defect,medium,not established,not code-verified,,"gui/src/{chartdbs,chartimg,gl_*}.cpp",Unresolved; taxonomy-only triage. Read/reproduce before changing code.,metadata/title/body triage
4358,RFE: Anchor remote alarm via phone,2025-02-07,1.5,enhancement,not established/cross-platform,communications/navigation,feature/enhancement,H,feature request,low,not established,not code-verified,,model/src/comm_*; model/src/georef.cpp,Unresolved; taxonomy-only triage. Read/reproduce before changing code.,metadata/title/body triage
4357,OCPN 5.10.2 MacOS crash on zooming in on chart,2025-02-07,1.5,bug,macOS,charts/rendering,defect,J,likely resolved/stale/duplicate,low,old macOS 5.10.2,likely stale; revalidate current release,,gui/src/gl_chart_canvas.cpp,Old zoom crash without a current symbolized reproduction.,manual issue review
4348,RFE API for SHAPELIB,2025-01-28,1.6,enhancement,not established/cross-platform,charts/rendering,feature/enhancement,H,feature request,medium,not established,not code-verified,,"gui/src/{chartdbs,chartimg,gl_*}.cpp",Unresolved; taxonomy-only triage. Read/reproduce before changing code.,metadata/title/body triage
4339,"RFE PluginManager access to ""tarball cache"" button",2025-01-25,1.6,enhancement,not established/cross-platform,plugins,feature/enhancement,H,feature request,medium,not established,not code-verified,,"include/ocpn_plugin.h; gui/src/{pluginmanager,ocpn_plugin_gui,api_121}.cpp",Unresolved; taxonomy-only triage. Read/reproduce before changing code.,metadata/title/body triage
4331,Measurement Tool only provides metric units for small distances,2025-01-22,1.6,enhancement,not established/cross-platform,UI/general,feature/enhancement,H,feature request,medium,not established,not code-verified,,gui/src (issue-specific),Unresolved; taxonomy-only triage. Read/reproduce before changing code.,metadata/title/body triage
4326,UI guidelines with Gnome HIG,2025-01-21,1.6,enhancement,not established/cross-platform,UI/general,feature/enhancement,H,feature request,medium,not established,not code-verified,,gui/src (issue-specific),Unresolved; taxonomy-only triage. Read/reproduce before changing code.,metadata/title/body triage
4322,RFE: Routes add distance tabulation,2025-01-18,1.6,enhancement,not established/cross-platform,routes/tracks/storage,feature/enhancement,H,feature request,low,not established,not code-verified,,"model/src/{route,track,navobj_db}.cpp; gui/src/navutil.cpp",Unresolved; taxonomy-only triage. Read/reproduce before changing code.,metadata/title/body triage
4313,"RFE Create Route and Route ""line thickness"" - DPI Scaling",2025-01-15,1.6,enhancement,not established/cross-platform,routes/tracks/storage,feature/enhancement,H,feature request,low,not established,not code-verified,,"model/src/{route,track,navobj_db}.cpp; gui/src/navutil.cpp",Unresolved; taxonomy-only triage. Read/reproduce before changing code.,metadata/title/body triage
4306,RFE Screen scaling for Windows 125-250-300% etc,2025-01-13,1.6,enhancement,macOS|Windows|Linux,plugins,feature/enhancement,H,feature request,medium,not established,not code-verified,,"include/ocpn_plugin.h; gui/src/{pluginmanager,ocpn_plugin_gui,api_121}.cpp",Unresolved; taxonomy-only triage. Read/reproduce before changing code.,metadata/title/body triage
4305,"RFE Planning and Presentation of Charts - Ability to set User Standard to ""Presentation""",2025-01-13,1.6,enhancement,not established/cross-platform,charts/rendering,feature/enhancement,H,feature request,medium,not established,not code-verified,,"gui/src/{chartdbs,chartimg,gl_*}.cpp",Unresolved; taxonomy-only triage. Read/reproduce before changing code.,metadata/title/body triage
4303,RFE Planning and Presentation Charts - Intermediate adjustment of scale,2025-01-13,1.6,enhancement,not established/cross-platform,routes/tracks/storage,feature/enhancement,H,feature request,low,not established,not code-verified,,"model/src/{route,track,navobj_db}.cpp; gui/src/navutil.cpp",Unresolved; taxonomy-only triage. Read/reproduce before changing code.,metadata/title/body triage
4302,RFE Planning and Presentation Charts -Button to turn off display of all waypoint icons.,2025-01-13,1.6,enhancement,not established/cross-platform,routes/tracks/storage,feature/enhancement,H,feature request,low,not established,not code-verified,,"model/src/{route,track,navobj_db}.cpp; gui/src/navutil.cpp",Unresolved; taxonomy-only triage. Read/reproduce before changing code.,metadata/title/body triage
4293,Incorrect tide event time (after summer time).,2025-01-05,1.6,bug,Windows,routes/tracks/storage,defect,C,serious functional defect,low,not established,not code-verified,,"model/src/{route,track,navobj_db}.cpp; gui/src/navutil.cpp",Unresolved; taxonomy-only triage. Read/reproduce before changing code.,metadata/title/body triage
4273,[Android] Import Plugin Tarball issue,2024-12-20,1.7,enhancement,Android|Windows,plugins,feature/enhancement,H,feature request,low,not established,not code-verified,,"include/ocpn_plugin.h; gui/src/{pluginmanager,ocpn_plugin_gui,api_121}.cpp",Unresolved; taxonomy-only triage. Read/reproduce before changing code.,metadata/title/body triage
4261,RFE Chart Database Rebuild Enhancement and speed up,2024-12-13,1.7,enhancement,not established/cross-platform,charts/rendering,feature/enhancement,H,feature request,medium,not established,not code-verified,,"gui/src/{chartdbs,chartimg,gl_*}.cpp",Unresolved; taxonomy-only triage. Read/reproduce before changing code.,metadata/title/body triage
4257,"When I tried to compile Android, it failed to compile",2024-12-11,1.7,,Android,charts/rendering,defect,C,serious functional defect,medium,not established,not code-verified,,"gui/src/{chartdbs,chartimg,gl_*}.cpp",Unresolved; taxonomy-only triage. Read/reproduce before changing code.,metadata/title/body triage
4241,Show tides and currents slows up zooming unreasonably much even on pi5,2024-12-04,1.7,enhancement,not established/cross-platform,charts/rendering,feature/enhancement,H,feature request,low,not established,not code-verified,,"gui/src/{chartdbs,chartimg,gl_*}.cpp",Unresolved; taxonomy-only triage. Read/reproduce before changing code.,metadata/title/body triage
4228,Support loading multiple grib files with weather data,2024-11-27,1.7,enhancement,not established/cross-platform,routes/tracks/storage,feature/enhancement,H,feature request,medium,not established,not code-verified,,"model/src/{route,track,navobj_db}.cpp; gui/src/navutil.cpp",Unresolved; taxonomy-only triage. Read/reproduce before changing code.,metadata/title/body triage
4226,5.10.2 Touch screen only working with flatpak and X11,2024-11-25,1.7,bug,Windows|Wayland|Flatpak,charts/rendering,defect,C,serious functional defect,medium,not established,not code-verified,,"gui/src/{chartdbs,chartimg,gl_*}.cpp",Unresolved; taxonomy-only triage. Read/reproduce before changing code.,metadata/title/body triage
4212,Grib plugin - symbol sizing on Retina displays (OpenGL),2024-11-14,1.8,bug|macOS,not established/cross-platform,plugins,defect,C,serious functional defect,medium,not established,not code-verified,,"include/ocpn_plugin.h; gui/src/{pluginmanager,ocpn_plugin_gui,api_121}.cpp",Unresolved; taxonomy-only triage. Read/reproduce before changing code.,metadata/title/body triage
4174,Chart Group 0 (all charts) excludes MBTiles in other Chart Groups,2024-10-24,1.8,bug,Windows,charts/rendering,defect,C,serious functional defect,medium,not established,not code-verified,,"gui/src/{chartdbs,chartimg,gl_*}.cpp",Unresolved; taxonomy-only triage. Read/reproduce before changing code.,metadata/title/body triage
4170,macOS 15.x (Sequoia) - higher hurdles to install OpenCPN,2024-10-18,1.8,enhancement|macOS,macOS,platform/build,feature/enhancement,H,feature request,medium,not established,not code-verified,,CMakeLists.txt; cmake/; gui/src/ocpn_platform.cpp,Unresolved; taxonomy-only triage. Read/reproduce before changing code.,metadata/title/body triage
4163,Merging tracks doesn't remove old tracks until restart of OpenCPN,2024-10-07,1.9,bug,Windows,routes/tracks/storage,defect,E,performance/resource,medium,not established,not code-verified,,"model/src/{route,track,navobj_db}.cpp; gui/src/navutil.cpp",Unresolved; taxonomy-only triage. Read/reproduce before changing code.,metadata/title/body triage
4158,Tracks rendered over AIS targets,2024-10-01,1.9,bug,not established/cross-platform,AIS,defect,C,serious functional defect,medium,not established,not code-verified,,model/src/ais_decoder.cpp; gui/src/ais.cpp,Unresolved; taxonomy-only triage. Read/reproduce before changing code.,metadata/title/body triage
4144,"Viewport incorrectly displays land coverage when panning South Pacific with OpenGL disabled""",2024-09-14,1.9,bug,macOS,charts/rendering,defect,E,performance/resource,medium,not established,not code-verified,,"gui/src/{chartdbs,chartimg,gl_*}.cpp",Unresolved; taxonomy-only triage. Read/reproduce before changing code.,metadata/title/body triage
4138,SetCanvasTilt plugin API does nothing,2024-09-10,1.9,bug,not established/cross-platform,charts/rendering,defect,C,serious functional defect,low,not established,not code-verified,,"gui/src/{chartdbs,chartimg,gl_*}.cpp",Unresolved; taxonomy-only triage. Read/reproduce before changing code.,metadata/title/body triage
4134,AutoAnchorDrop should not delete other anchoring waypoints,2024-09-07,1.9,bug,not established/cross-platform,routes/tracks/storage,defect,C,serious functional defect,medium,not established,not code-verified,,"model/src/{route,track,navobj_db}.cpp; gui/src/navutil.cpp",Unresolved; taxonomy-only triage. Read/reproduce before changing code.,metadata/title/body triage
4132,OpenCPN needs to support (generate) PGN's 129283 & 129284 when route is activated.,2024-09-06,1.9,enhancement,not established/cross-platform,routes/tracks/storage,feature/enhancement,H,feature request,medium,not established,not code-verified,,"model/src/{route,track,navobj_db}.cpp; gui/src/navutil.cpp",Unresolved; taxonomy-only triage. Read/reproduce before changing code.,metadata/title/body triage
4129,Segfault ingesting 2WBD1885 IENC cell,2024-09-02,2.0,bug,not established/cross-platform,charts/rendering,defect,B,crash/hang/data integrity,low,not established,not code-verified,,"gui/src/{chartdbs,chartimg,gl_*}.cpp",Unresolved; taxonomy-only triage. Read/reproduce before changing code.,metadata/title/body triage
4119,flatpak openCPN 5.10.0 wont accept the same S63 installpermit as the native version,2024-08-23,2.0,enhancement|done,Flatpak,charts/rendering,feature/enhancement,J,likely resolved/stale/duplicate,medium,not established,not code-verified,,"gui/src/{chartdbs,chartimg,gl_*}.cpp",Unresolved; taxonomy-only triage. Read/reproduce before changing code.,metadata/title/body triage
4103,wrong direction to steer in RMB and XTE NMEA message in aktiv route when changing to next Waypoint,2024-08-19,2.0,bug,not established/cross-platform,route activation/autopilot,defect,A,safety/correctness critical,medium,at-sea/hardware-dependent,open on upstream master,,model/src/routeman.cpp; model/src/autopilot_output.cpp,Transition-time XTE/direction semantics may drive an autopilot turn the wrong way; no proven root cause. Requires sentence-sequence characterization before a fix.,thread and code reviewed
4098,Add Plugin API getUsrDepthUnit_Plugin(),2024-08-14,2.0,enhancement,not established/cross-platform,plugins,feature/enhancement,H,feature request,medium,not established,not code-verified,,"include/ocpn_plugin.h; gui/src/{pluginmanager,ocpn_plugin_gui,api_121}.cpp",Unresolved; taxonomy-only triage. Read/reproduce before changing code.,metadata/title/body triage
4095,"Highlight soundings less than Safety Depth in UWTROC, WRECKS and OBSTRN objects",2024-08-13,2.0,enhancement,Android|Windows,charts/rendering,feature/enhancement,H,feature request,medium,not established,not code-verified,,"gui/src/{chartdbs,chartimg,gl_*}.cpp",Unresolved; taxonomy-only triage. Read/reproduce before changing code.,metadata/title/body triage
4065,"Chart objects (day marks, light sectors) close to a chart border may be visible only partially (or virtually not visible) when chart quilting is activated",2024-07-22,2.1,bug,macOS|Raspberry Pi,charts/rendering,defect,C,serious functional defect,medium,not established,not code-verified,,"gui/src/{chartdbs,chartimg,gl_*}.cpp",Unresolved; taxonomy-only triage. Read/reproduce before changing code.,metadata/title/body triage
4026,E-ink displays support,2024-07-01,2.1,enhancement,not established/cross-platform,UI/general,feature/enhancement,H,feature request,low,not established,not code-verified,,gui/src (issue-specific),Unresolved; taxonomy-only triage. Read/reproduce before changing code.,metadata/title/body triage
4013,Implement native Wayland support,2024-06-22,2.2,enhancement,Linux|Wayland,platform/build,feature/enhancement,H,feature request,medium,not established,not code-verified,,CMakeLists.txt; cmake/; gui/src/ocpn_platform.cpp,Unresolved; taxonomy-only triage. Read/reproduce before changing code.,metadata/title/body triage
4010,OpenCPN becomes unresponsive while being fed with N2K data,2024-06-21,2.2,bug|macOS,macOS,communications/N2K,defect,B,crash/hang/data integrity,low,unreproduced,open on upstream master,#4554; #3316,model/src/comm_drv_n2k_net.cpp,Old macOS N2K TCP hang without a current reproduction.,thread and code reviewed
4003,"Android export/import feature for config files, logs and navobj.xml",2024-06-17,2.2,enhancement|Android,Android,routes/tracks/storage,feature/enhancement,H,feature request,low,not established,not code-verified,,"model/src/{route,track,navobj_db}.cpp; gui/src/navutil.cpp",Unresolved; taxonomy-only triage. Read/reproduce before changing code.,metadata/title/body triage
3997,Active Route Progress & Time,2024-06-17,2.2,enhancement|deferred,not established/cross-platform,routes/tracks/storage,feature/enhancement,H,feature request,medium,not established,not code-verified,,"model/src/{route,track,navobj_db}.cpp; gui/src/navutil.cpp",Unresolved; taxonomy-only triage. Read/reproduce before changing code.,metadata/title/body triage
3950,"RFE: Select Text that is needed rather than ""All"" (future)",2024-06-01,2.2,enhancement|deferred,not established/cross-platform,charts/rendering,feature/enhancement,H,feature request,low,not established,not code-verified,,"gui/src/{chartdbs,chartimg,gl_*}.cpp",Unresolved; taxonomy-only triage. Read/reproduce before changing code.,metadata/title/body triage
3940,"RFE: Vector Chart Display ""User Standard Objects"" scrolling and check grey tones (future)",2024-05-28,2.2,enhancement|deferred,not established/cross-platform,charts/rendering,feature/enhancement,H,feature request,medium,not established,not code-verified,,"gui/src/{chartdbs,chartimg,gl_*}.cpp",Unresolved; taxonomy-only triage. Read/reproduce before changing code.,metadata/title/body triage
3934,Changing screen scale in Gnome Settings Display corrupts viewport coordinates.,2024-05-26,2.2,bug|deferred,Linux|Wayland,platform/rendering,defect,C,serious functional defect,medium,display-scale change,open on upstream master,,gui/src/viewport.cpp; platform DPI/display events,Viewport coordinate transform is corrupted in memory after a Gnome scale change; this is not persistent data corruption.,manual issue review
3927,Geographic Filter For AIS,2024-05-24,2.2,enhancement,not established/cross-platform,AIS,feature/enhancement,H,feature request,medium,not established,not code-verified,,model/src/ais_decoder.cpp; gui/src/ais.cpp,Unresolved; taxonomy-only triage. Read/reproduce before changing code.,metadata/title/body triage
3910,Add option to export multiple routes and tracks as individual files in a single operation,2024-05-16,2.3,enhancement,not established/cross-platform,routes/tracks/storage,feature/enhancement,H,feature request,low,not established,not code-verified,,"model/src/{route,track,navobj_db}.cpp; gui/src/navutil.cpp",Unresolved; taxonomy-only triage. Read/reproduce before changing code.,metadata/title/body triage
3872,Filenames and German Umlaut,2024-04-30,2.3,bug,Android|Windows,routes/tracks/storage,defect,C,serious functional defect,medium,not established,not code-verified,,"model/src/{route,track,navobj_db}.cpp; gui/src/navutil.cpp",Unresolved; taxonomy-only triage. Read/reproduce before changing code.,metadata/title/body triage
3866,"Long exit delay causes ""Do you want to terminate application"" dialog",2024-04-29,2.3,bug,Linux,shutdown/plugins,defect/performance,B,crash/hang/data integrity,medium,intermittent,open on upstream master,#4554,gui/src/ocpn_frame.cpp; gui/src/pluginmanager.cpp,Long procedural shutdown and plug-in/device ordering are plausible contributors; no single cause proven.,thread and code reviewed
3851,[5.8.4-3] Crash in S-57 chart cache handler.,2024-04-27,2.3,bug,Linux,charts/S57,defect,B,crash/hang/data integrity,proven by maintainer analysis,load/cache-pressure dependent,master has substantial candidate lifecycle hardening; regression/closure verification needed,#4983; #4842,gui/src/senc_manager.cpp; gui/src/s57chart.cpp; gui/src/chartdb.cpp,"Original cache purge could delete a chart associated with SENC work. Current master adds invalidation, completion tracking, locking and shutdown handling, but detached workers and bounded-wait ticket deletion still require deterministic lifetime review.",thread and code reviewed
3848,Creating a route does not allow setting speed or route colour,2024-04-26,2.3,enhancement,not established/cross-platform,routes/tracks/storage,feature/enhancement,H,feature request,medium,not established,not code-verified,,"model/src/{route,track,navobj_db}.cpp; gui/src/navutil.cpp",Unresolved; taxonomy-only triage. Read/reproduce before changing code.,metadata/title/body triage
3845,RFE: Add API to activate waypoint or waypoint within route,2024-04-25,2.3,enhancement,not established/cross-platform,routes/tracks/storage,feature/enhancement,H,feature request,medium,not established,not code-verified,,"model/src/{route,track,navobj_db}.cpp; gui/src/navutil.cpp",Unresolved; taxonomy-only triage. Read/reproduce before changing code.,metadata/title/body triage
3835,ShapeBaseChart::DoDrawPolygonFilledGL performance,2024-04-22,2.3,bug,not established/cross-platform,charts/rendering,defect,E,performance/resource,medium,not established,not code-verified,,"gui/src/{chartdbs,chartimg,gl_*}.cpp",Unresolved; taxonomy-only triage. Read/reproduce before changing code.,metadata/title/body triage
3834,RFE: (bug) Route Properties Width,2024-04-22,2.3,enhancement|deferred,not established/cross-platform,routes/tracks/storage,feature/enhancement,H,feature request,low,not established,not code-verified,,"model/src/{route,track,navobj_db}.cpp; gui/src/navutil.cpp",Unresolved; taxonomy-only triage. Read/reproduce before changing code.,metadata/title/body triage
3830,Soundings for wrecks still in bitmaps,2024-04-21,2.3,enhancement,not established/cross-platform,charts/rendering,feature/enhancement,H,feature request,medium,not established,not code-verified,,"gui/src/{chartdbs,chartimg,gl_*}.cpp",Unresolved; taxonomy-only triage. Read/reproduce before changing code.,metadata/title/body triage
3814,Toolbar > Help - Copy to clipboard of O-version and Chart path,2024-04-16,2.3,enhancement|deferred,not established/cross-platform,charts/rendering,feature/enhancement,H,feature request,medium,not established,not code-verified,,"gui/src/{chartdbs,chartimg,gl_*}.cpp",Unresolved; taxonomy-only triage. Read/reproduce before changing code.,metadata/title/body triage
3807,SignalK Authentication,2024-04-10,2.4,enhancement,Windows|Linux,communications/navigation,feature/enhancement,H,feature request,medium,not established,not code-verified,,model/src/comm_*; model/src/georef.cpp,Unresolved; taxonomy-only triage. Read/reproduce before changing code.,metadata/title/body triage
3805,Handle site palette configuration better,2024-04-10,2.4,enhancement,Linux|Flatpak,charts/rendering,feature/enhancement,H,feature request,medium,not established,not code-verified,,"gui/src/{chartdbs,chartimg,gl_*}.cpp",Unresolved; taxonomy-only triage. Read/reproduce before changing code.,metadata/title/body triage
3800,Redundant or inconsistent UI - Units (distance),2024-04-09,2.4,enhancement,not established/cross-platform,routes/tracks/storage,feature/enhancement,H,feature request,medium,not established,not code-verified,,"model/src/{route,track,navobj_db}.cpp; gui/src/navutil.cpp",Unresolved; taxonomy-only triage. Read/reproduce before changing code.,metadata/title/body triage
3789,Improve ENC S63 chart performance on rasperry pi 4,2024-04-06,2.4,enhancement,Linux|Raspberry Pi,charts/rendering,feature/enhancement,H,feature request,medium,not established,not code-verified,,"gui/src/{chartdbs,chartimg,gl_*}.cpp",Unresolved; taxonomy-only triage. Read/reproduce before changing code.,metadata/title/body triage
3775,RFE - Built-in Windows Sensor Compatibility,2024-04-01,2.4,enhancement|deferred,Windows,communications/navigation,feature/enhancement,H,feature request,medium,not established,not code-verified,,model/src/comm_*; model/src/georef.cpp,Unresolved; taxonomy-only triage. Read/reproduce before changing code.,metadata/title/body triage
3766,RFE Move Show Extended Chartbar to Options->UI,2024-03-27,2.4,enhancement|deferred,not established/cross-platform,charts/rendering,feature/enhancement,H,feature request,medium,not established,not code-verified,,"gui/src/{chartdbs,chartimg,gl_*}.cpp",Unresolved; taxonomy-only triage. Read/reproduce before changing code.,metadata/title/body triage
3753,OpenCN on MacOS sometimes hangs on redraw,2024-03-25,2.4,bug,macOS|Windows,platform/build,defect,B,crash/hang/data integrity,medium,not established,not code-verified,,CMakeLists.txt; cmake/; gui/src/ocpn_platform.cpp,Unresolved; taxonomy-only triage. Read/reproduce before changing code.,metadata/title/body triage
3733,RFE: Touchscreen improvements suggestions,2024-03-17,2.4,enhancement,not established/cross-platform,routes/tracks/storage,feature/enhancement,H,feature request,medium,not established,not code-verified,,"model/src/{route,track,navobj_db}.cpp; gui/src/navutil.cpp",Unresolved; taxonomy-only triage. Read/reproduce before changing code.,metadata/title/body triage
3721,Voyage recording,2024-03-06,2.5,enhancement,not established/cross-platform,routes/tracks/storage,feature/enhancement,H,feature request,medium,not established,not code-verified,,"model/src/{route,track,navobj_db}.cpp; gui/src/navutil.cpp",Unresolved; taxonomy-only triage. Read/reproduce before changing code.,metadata/title/body triage
3717,wxDC DrawArc not available,2024-03-04,2.5,enhancement,not established/cross-platform,AIS,feature/enhancement,H,feature request,low,not established,not code-verified,,model/src/ais_decoder.cpp; gui/src/ais.cpp,Unresolved; taxonomy-only triage. Read/reproduce before changing code.,metadata/title/body triage
3700,Protect the user from common connnection configuration mistakes,2024-02-29,2.5,enhancement,not established/cross-platform,communications/navigation,feature/enhancement,H,feature request,medium,not established,not code-verified,,model/src/comm_*; model/src/georef.cpp,Unresolved; taxonomy-only triage. Read/reproduce before changing code.,metadata/title/body triage
3668,'translate' AIS destination LOCODE to portname,2024-02-16,2.5,enhancement,not established/cross-platform,AIS,feature/enhancement,H,feature request,medium,not established,not code-verified,,model/src/ais_decoder.cpp; gui/src/ais.cpp,Unresolved; taxonomy-only triage. Read/reproduce before changing code.,metadata/title/body triage
3647,Reordering of chart groups,2024-02-09,2.5,enhancement,not established/cross-platform,charts/rendering,feature/enhancement,H,feature request,low,not established,not code-verified,,"gui/src/{chartdbs,chartimg,gl_*}.cpp",Unresolved; taxonomy-only triage. Read/reproduce before changing code.,metadata/title/body triage
3633,"RFE: Android sort of routes, tracks, waypoints is needed",2024-02-07,2.5,enhancement|Android,Android|Windows|Linux,routes/tracks/storage,feature/enhancement,H,feature request,low,not established,not code-verified,,"model/src/{route,track,navobj_db}.cpp; gui/src/navutil.cpp",Unresolved; taxonomy-only triage. Read/reproduce before changing code.,metadata/title/body triage
3570,ENC update fails; File couldn't be removed,2023-12-31,2.6,bug,Windows,charts/S57,defect/robustness,C,serious functional defect,proven input problem,deterministic malformed update,open on upstream master,,gui/src/s57chart.cpp; gui/src/senc_manager.cpp,Official ENC update input is invalid; OpenCPN's repeated retry and misleading recovery are the actionable defects.,thread and code reviewed
3564,RFE: ETA Calculator with Tides,2023-12-30,2.6,enhancement,not established/cross-platform,routes/tracks/storage,feature/enhancement,H,feature request,low,not established,not code-verified,,"model/src/{route,track,navobj_db}.cpp; gui/src/navutil.cpp",Unresolved; taxonomy-only triage. Read/reproduce before changing code.,metadata/title/body triage
3554,“Navigate to” shouldn’t show straight line on map,2023-12-20,2.7,enhancement,not established/cross-platform,UI/general,feature/enhancement,H,feature request,low,not established,not code-verified,,gui/src (issue-specific),Unresolved; taxonomy-only triage. Read/reproduce before changing code.,metadata/title/body triage
3518,Implement support for wxGestureEvent on modern wxWidgets versions,2023-11-29,2.7,enhancement,Wayland,platform/build,feature/enhancement,H,feature request,medium,not established,not code-verified,,CMakeLists.txt; cmake/; gui/src/ocpn_platform.cpp,Unresolved; taxonomy-only triage. Read/reproduce before changing code.,metadata/title/body triage
3481,RFE: Tidal Current Prediction display & controls,2023-10-28,2.8,enhancement,not established/cross-platform,routes/tracks/storage,feature/enhancement,H,feature request,medium,not established,not code-verified,,"model/src/{route,track,navobj_db}.cpp; gui/src/navutil.cpp",Unresolved; taxonomy-only triage. Read/reproduce before changing code.,metadata/title/body triage
3474,Quick access to NMEA debug windows & enhancement to it,2023-10-22,2.8,enhancement,Windows,communications/navigation,feature/enhancement,H,feature request,low,not established,not code-verified,,model/src/comm_*; model/src/georef.cpp,Unresolved; taxonomy-only triage. Read/reproduce before changing code.,metadata/title/body triage
3453,RFE: Opacity Option for Particles in the Grib Plugin,2023-10-06,2.9,enhancement,not established/cross-platform,charts/rendering,feature/enhancement,H,feature request,medium,not established,not code-verified,,"gui/src/{chartdbs,chartimg,gl_*}.cpp",Unresolved; taxonomy-only triage. Read/reproduce before changing code.,metadata/title/body triage
3444,Can’t move dashboard window in touchscreen,2023-10-01,2.9,enhancement,Windows,routes/tracks/storage,feature/enhancement,H,feature request,low,not established,not code-verified,,"model/src/{route,track,navobj_db}.cpp; gui/src/navutil.cpp",Unresolved; taxonomy-only triage. Read/reproduce before changing code.,metadata/title/body triage
3412,OpenCPN looses active track when crashing,2023-08-24,3.0,bug|info needed|done,not established/cross-platform,tracks/storage,defect,J,likely resolved/stale/duplicate,high,crash recovery,marked done; fix commit 84f2b70bf needs reporter verification,commit 84f2b70bf,model/src/navobj_db.cpp; model/src/track.cpp,Active-track crash recovery was reportedly implemented.,thread and code reviewed
3404,"RFE : add read ""raw n2k"" YDEN & YDWG data from network",2023-08-21,3.0,enhancement,not established/cross-platform,AIS,feature/enhancement,H,feature request,medium,not established,not code-verified,,model/src/ais_decoder.cpp; gui/src/ais.cpp,Unresolved; taxonomy-only triage. Read/reproduce before changing code.,metadata/title/body triage
3352,Enhancements to Drop Mark,2023-07-05,3.1,enhancement,not established/cross-platform,routes/tracks/storage,feature/enhancement,H,feature request,medium,not established,not code-verified,,"model/src/{route,track,navobj_db}.cpp; gui/src/navutil.cpp",Unresolved; taxonomy-only triage. Read/reproduce before changing code.,metadata/title/body triage
3331,Check Route feature,2023-06-15,3.2,enhancement,not established/cross-platform,routes/tracks/storage,feature/enhancement,H,feature request,medium,not established,not code-verified,,"model/src/{route,track,navobj_db}.cpp; gui/src/navutil.cpp",Unresolved; taxonomy-only triage. Read/reproduce before changing code.,metadata/title/body triage
3316,OCPN crashing or silently closing with multiple nav inputs,2023-05-31,3.2,bug,macOS,communications/concurrency,defect,B,crash/hang/data integrity,medium,hardware-dependent,open on upstream master,#4554; #4686,model/src/comm_drv_n2k_serial.cpp; model/src/comm_drv_n0183_net.cpp,Concurrent N2K serial/N0183 network crash belongs to the same driver lifetime/input cluster; exact cause unproven.,thread and code reviewed
3305,(S-52) SLCONS Area - does not apply coloring depending on the type of water level (WATLEV),2023-05-29,3.2,bug,not established/cross-platform,UI/general,defect,C,serious functional defect,medium,not established,not code-verified,,gui/src (issue-specific),Unresolved; taxonomy-only triage. Read/reproduce before changing code.,metadata/title/body triage
3286,wxBitmap not handled properly,2023-05-24,3.2,enhancement,not established/cross-platform,platform/build,feature/enhancement,H,feature request,medium,not established,not code-verified,,CMakeLists.txt; cmake/; gui/src/ocpn_platform.cpp,Unresolved; taxonomy-only triage. Read/reproduce before changing code.,metadata/title/body triage
3263,Simulate AIS MOB alert,2023-05-17,3.3,enhancement,not established/cross-platform,AIS,feature/enhancement,H,feature request,medium,not established,not code-verified,,model/src/ais_decoder.cpp; gui/src/ais.cpp,Unresolved; taxonomy-only triage. Read/reproduce before changing code.,metadata/title/body triage
3253,Support for H3 grid,2023-05-15,3.3,enhancement,not established/cross-platform,routes/tracks/storage,feature/enhancement,H,feature request,low,not established,not code-verified,,"model/src/{route,track,navobj_db}.cpp; gui/src/navutil.cpp",Unresolved; taxonomy-only triage. Read/reproduce before changing code.,metadata/title/body triage
3194,Shapefile support,2023-05-03,3.3,enhancement,not established/cross-platform,charts/rendering,feature/enhancement,H,feature request,medium,not established,not code-verified,,"gui/src/{chartdbs,chartimg,gl_*}.cpp",Unresolved; taxonomy-only triage. Read/reproduce before changing code.,metadata/title/body triage
3193,Icon set management,2023-05-03,3.3,enhancement,not established/cross-platform,routes/tracks/storage,feature/enhancement,H,feature request,low,not established,not code-verified,,"model/src/{route,track,navobj_db}.cpp; gui/src/navutil.cpp",Unresolved; taxonomy-only triage. Read/reproduce before changing code.,metadata/title/body triage
3191,Implement housekeeping for navobjects,2023-05-03,3.3,enhancement,not established/cross-platform,routes/tracks/storage,feature/enhancement,H,feature request,low,not established,not code-verified,,"model/src/{route,track,navobj_db}.cpp; gui/src/navutil.cpp",Unresolved; taxonomy-only triage. Read/reproduce before changing code.,metadata/title/body triage
3190,GPX import - duplicates resolution for waypoints,2023-05-03,3.3,bug,not established/cross-platform,routes/storage,defect,B,crash/hang/data integrity,medium,import-dependent,open on upstream master,#3189,model/src/navobj_db.cpp; gui/src/navutil.cpp,GUID uniqueness and import merge policy are not enforced at one transactional boundary.,thread and code reviewed
3189,GPX import - duplicates resolution for routes and tracks,2023-05-03,3.3,bug,not established/cross-platform,routes/storage,defect,C,serious functional defect,medium,import-dependent,open on upstream master,#3190,model/src/navobj_db.cpp; gui/src/navutil.cpp,Duplicate-GUID/import invariant cluster.,thread and code reviewed
3184,Improve GPX interoperability with Expedition and Predictwind,2023-05-02,3.3,enhancement,not established/cross-platform,routes/tracks/storage,feature/enhancement,H,feature request,low,not established,not code-verified,,"model/src/{route,track,navobj_db}.cpp; gui/src/navutil.cpp",Unresolved; taxonomy-only triage. Read/reproduce before changing code.,metadata/title/body triage
3182,Implement support for online tiles with caching,2023-05-01,3.3,enhancement,not established/cross-platform,charts/rendering,feature/enhancement,H,feature request,medium,not established,not code-verified,,"gui/src/{chartdbs,chartimg,gl_*}.cpp",Unresolved; taxonomy-only triage. Read/reproduce before changing code.,metadata/title/body triage
3181,Implement support for GeoTIFF charts,2023-05-01,3.3,enhancement,not established/cross-platform,charts/rendering,feature/enhancement,H,feature request,medium,not established,not code-verified,,"gui/src/{chartdbs,chartimg,gl_*}.cpp",Unresolved; taxonomy-only triage. Read/reproduce before changing code.,metadata/title/body triage
3166,RFE: Add API attributes for tracks as is now for routes,2023-04-27,3.3,enhancement,not established/cross-platform,routes/tracks/storage,feature/enhancement,H,feature request,medium,not established,not code-verified,,"model/src/{route,track,navobj_db}.cpp; gui/src/navutil.cpp",Unresolved; taxonomy-only triage. Read/reproduce before changing code.,metadata/title/body triage
3145,Dual Canvas Layout Synchronisation when route planning,2023-04-18,3.3,enhancement,not established/cross-platform,routes/tracks/storage,feature/enhancement,H,feature request,low,not established,not code-verified,,"model/src/{route,track,navobj_db}.cpp; gui/src/navutil.cpp",Unresolved; taxonomy-only triage. Read/reproduce before changing code.,metadata/title/body triage
3144,Visual indication of chart group,2023-04-18,3.3,enhancement,not established/cross-platform,charts/rendering,feature/enhancement,H,feature request,medium,not established,not code-verified,,"gui/src/{chartdbs,chartimg,gl_*}.cpp",Unresolved; taxonomy-only triage. Read/reproduce before changing code.,metadata/title/body triage
3137,RFE: Add support for Victron MQTT,2023-04-14,3.3,enhancement,not established/cross-platform,UI/general,feature/enhancement,H,feature request,medium,not established,not code-verified,,gui/src (issue-specific),Unresolved; taxonomy-only triage. Read/reproduce before changing code.,metadata/title/body triage
3097,RFE: Shortcut Key to open Nmea Debug Window,2023-03-20,3.4,enhancement,not established/cross-platform,communications/navigation,feature/enhancement,H,feature request,medium,not established,not code-verified,,model/src/comm_*; model/src/georef.cpp,Unresolved; taxonomy-only triage. Read/reproduce before changing code.,metadata/title/body triage
3095,RFE: Grib_pi - MSLET More accurate pressure data,2023-03-20,3.4,enhancement,not established/cross-platform,UI/general,feature/enhancement,H,feature request,low,not established,not code-verified,,gui/src (issue-specific),Unresolved; taxonomy-only triage. Read/reproduce before changing code.,metadata/title/body triage
3028,Reduced details at small scale.,2023-02-27,3.5,enhancement,Linux,charts/rendering,feature/enhancement,H,feature request,medium,not established,not code-verified,,"gui/src/{chartdbs,chartimg,gl_*}.cpp",Unresolved; taxonomy-only triage. Read/reproduce before changing code.,metadata/title/body triage
2984,Improve sorting in object query,2023-02-04,3.5,enhancement,not established/cross-platform,UI/general,feature/enhancement,H,feature request,low,not established,not code-verified,,gui/src (issue-specific),Unresolved; taxonomy-only triage. Read/reproduce before changing code.,metadata/title/body triage
2975,"[RFE] Calculate local solar noon (time, and angle)",2023-02-02,3.5,enhancement,not established/cross-platform,UI/general,feature/enhancement,H,feature request,medium,not established,not code-verified,,gui/src (issue-specific),Unresolved; taxonomy-only triage. Read/reproduce before changing code.,metadata/title/body triage
2887,RFE: Unify displaying and keeping data about currents. Keep OpenCPN always aware of current Drift and Set.,2022-12-19,3.7,enhancement,not established/cross-platform,communications/navigation,feature/enhancement,H,feature request,low,not established,not code-verified,,model/src/comm_*; model/src/georef.cpp,Unresolved; taxonomy-only triage. Read/reproduce before changing code.,metadata/title/body triage
2835,(S-52) QAPOS position quality attribute not applied to DEPCNT contour rendering,2022-11-26,3.7,enhancement,not established/cross-platform,charts/rendering,feature/enhancement,H,feature request,low,not established,not code-verified,,"gui/src/{chartdbs,chartimg,gl_*}.cpp",Unresolved; taxonomy-only triage. Read/reproduce before changing code.,metadata/title/body triage
2816,RFE: NMEA 0183 Man Overboard Notification (MOB) Sentence Support,2022-11-11,3.8,enhancement,not established/cross-platform,communications/navigation,feature/enhancement,H,feature request,medium,not established,not code-verified,,model/src/comm_*; model/src/georef.cpp,Unresolved; taxonomy-only triage. Read/reproduce before changing code.,metadata/title/body triage
2815,RFE: Missing Safety Messages NMEA 0183 ammendement support,2022-11-11,3.8,enhancement,not established/cross-platform,communications/navigation,feature/enhancement,H,feature request,medium,not established,not code-verified,,model/src/comm_*; model/src/georef.cpp,Unresolved; taxonomy-only triage. Read/reproduce before changing code.,metadata/title/body triage
2814,RFE: Missing support for NMEA NavTex messages (alerts),2022-11-11,3.8,enhancement,not established/cross-platform,AIS,feature/enhancement,H,feature request,medium,not established,not code-verified,,model/src/ais_decoder.cpp; gui/src/ais.cpp,Unresolved; taxonomy-only triage. Read/reproduce before changing code.,metadata/title/body triage
2813,RFE: Missing support for DSC NMEA alerts and messages,2022-11-11,3.8,enhancement,not established/cross-platform,communications/navigation,feature/enhancement,H,feature request,medium,not established,not code-verified,,model/src/comm_*; model/src/georef.cpp,Unresolved; taxonomy-only triage. Read/reproduce before changing code.,metadata/title/body triage
2801,RFE: Do not allow to build route via land. Make it more fool proof,2022-11-01,3.8,enhancement,not established/cross-platform,routes/tracks/storage,feature/enhancement,H,feature request,medium,not established,not code-verified,,"model/src/{route,track,navobj_db}.cpp; gui/src/navutil.cpp",Unresolved; taxonomy-only triage. Read/reproduce before changing code.,metadata/title/body triage
2785,Add support for MWH - Wave Height NMEA sentence in O and dashboards,2022-10-06,3.9,enhancement,not established/cross-platform,communications/navigation,feature/enhancement,H,feature request,low,not established,not code-verified,,model/src/comm_*; model/src/georef.cpp,Unresolved; taxonomy-only triage. Read/reproduce before changing code.,metadata/title/body triage
2783,Display wave height/period/white cap probability/boat letf-right heeling period/amplitude on dashboard,2022-10-06,3.9,enhancement,not established/cross-platform,communications/navigation,feature/enhancement,H,feature request,medium,not established,not code-verified,,model/src/comm_*; model/src/georef.cpp,Unresolved; taxonomy-only triage. Read/reproduce before changing code.,metadata/title/body triage
2741,RFE: B&G Fastnet protocol support,2022-07-19,4.1,enhancement,not established/cross-platform,UI/general,feature/enhancement,H,feature request,medium,not established,not code-verified,,gui/src (issue-specific),Unresolved; taxonomy-only triage. Read/reproduce before changing code.,metadata/title/body triage
2740,RFE: Night mode ideas,2022-07-16,4.1,enhancement,not established/cross-platform,charts/rendering,feature/enhancement,H,feature request,medium,not established,not code-verified,,"gui/src/{chartdbs,chartimg,gl_*}.cpp",Unresolved; taxonomy-only triage. Read/reproduce before changing code.,metadata/title/body triage
2739,Common NMEA2000 support library,2022-07-16,4.1,enhancement,not established/cross-platform,communications/navigation,feature/enhancement,H,feature request,medium,not established,not code-verified,,model/src/comm_*; model/src/georef.cpp,Unresolved; taxonomy-only triage. Read/reproduce before changing code.,metadata/title/body triage
2730,Generalised autopilot support,2022-06-26,4.1,enhancement,not established/cross-platform,routes/tracks/storage,feature/enhancement,H,feature request,medium,not established,not code-verified,,"model/src/{route,track,navobj_db}.cpp; gui/src/navutil.cpp",Unresolved; taxonomy-only triage. Read/reproduce before changing code.,metadata/title/body triage
2713,Feature: Highlight objects when selected/hovering in object query dialog,2022-06-02,4.2,enhancement,not established/cross-platform,charts/rendering,feature/enhancement,H,feature request,low,not established,not code-verified,,"gui/src/{chartdbs,chartimg,gl_*}.cpp",Unresolved; taxonomy-only triage. Read/reproduce before changing code.,metadata/title/body triage
2704,"HARMONICS_NO_US.IDX, and HARMONICS_NO_US Tables Duplicates and Issues",2022-05-20,4.2,enhancement,not established/cross-platform,tides/currents,feature/enhancement,H,feature request,medium,not established,not code-verified,,gui/src/tcmgr.cpp; gui/src/tcwin.cpp,Unresolved; taxonomy-only triage. Read/reproduce before changing code.,metadata/title/body triage
2670,RFE: Add direction arrow when displaying tracks on chart,2022-05-06,4.3,enhancement,not established/cross-platform,routes/tracks/storage,feature/enhancement,H,feature request,low,not established,not code-verified,,"model/src/{route,track,navobj_db}.cpp; gui/src/navutil.cpp",Unresolved; taxonomy-only triage. Read/reproduce before changing code.,metadata/title/body triage
2609,Rudder angle gauge on dashboard is too big,2022-04-10,4.4,deferred,not established/cross-platform,UI/general,needs triage,F,usability/UI,medium,not established,not code-verified,,gui/src (issue-specific),Unresolved; taxonomy-only triage. Read/reproduce before changing code.,metadata/title/body triage
2603,No debugging capabiltiy for OpenCPN on android,2022-04-09,4.4,Android,Android,Android/developer tooling,feature/enhancement,H,feature request,high as request,not applicable,open design request,,Android build/debug tooling,"A developer-debugging capability request, not evidence of a production crash.",manual issue review
2591,Android armhf circleci local build not generating opencpn executable,2022-03-20,4.4,Android,Android|Linux,AIS,defect,E,performance/resource,medium,not established,not code-verified,,model/src/ais_decoder.cpp; gui/src/ais.cpp,Unresolved; taxonomy-only triage. Read/reproduce before changing code.,metadata/title/body triage
2580,RFE: toolbar with icons arranged into two columns takes too much space.,2022-03-07,4.4,enhancement,not established/cross-platform,plugins,feature/enhancement,H,feature request,medium,not established,not code-verified,,"include/ocpn_plugin.h; gui/src/{pluginmanager,ocpn_plugin_gui,api_121}.cpp",Unresolved; taxonomy-only triage. Read/reproduce before changing code.,metadata/title/body triage
2522,Support SignalK /vessels/<RegExp>/navigation/anchor,2022-01-22,4.6,enhancement,not established/cross-platform,charts/rendering,feature/enhancement,H,feature request,low,not established,not code-verified,,"gui/src/{chartdbs,chartimg,gl_*}.cpp",Unresolved; taxonomy-only triage. Read/reproduce before changing code.,metadata/title/body triage
2514,"5.6.0 on Mac, serial connection failure upon exiting dialog with 'OK'",2022-01-08,4.6,,macOS,communications/navigation,defect,C,serious functional defect,low,not established,not code-verified,,model/src/comm_*; model/src/georef.cpp,Unresolved; taxonomy-only triage. Read/reproduce before changing code.,metadata/title/body triage
2513,Flatpak grib_pi doesn't support xdg-email,2022-01-08,4.6,deferred,Flatpak,plugins,defect,C,serious functional defect,medium,not established,not code-verified,,"include/ocpn_plugin.h; gui/src/{pluginmanager,ocpn_plugin_gui,api_121}.cpp",Unresolved; taxonomy-only triage. Read/reproduce before changing code.,metadata/title/body triage
2509,Printing on a Highresolution MacBook Pro,2022-01-05,4.6,enhancement,not established/cross-platform,UI/general,feature/enhancement,H,feature request,low,not established,not code-verified,,gui/src (issue-specific),Unresolved; taxonomy-only triage. Read/reproduce before changing code.,metadata/title/body triage
2501,Issues with 4K resolution displays,2021-12-29,4.6,,not established/cross-platform,UI/general,needs triage,F,usability/UI,medium,not established,not code-verified,,gui/src (issue-specific),Unresolved; taxonomy-only triage. Read/reproduce before changing code.,metadata/title/body triage
2500,"RFE: insert ""overlay"" under some ENC layers",2021-12-23,4.7,enhancement,not established/cross-platform,charts/rendering,feature/enhancement,H,feature request,low,not established,not code-verified,,"gui/src/{chartdbs,chartimg,gl_*}.cpp",Unresolved; taxonomy-only triage. Read/reproduce before changing code.,metadata/title/body triage
2499,Chart downloader: cancels download without warning if Options window is closed,2021-12-20,4.7,,not established/cross-platform,charts/rendering,needs triage,E,performance/resource,low,not established,not code-verified,,"gui/src/{chartdbs,chartimg,gl_*}.cpp",Unresolved; taxonomy-only triage. Read/reproduce before changing code.,metadata/title/body triage
2498,Windows dark mode support,2021-12-20,4.7,,Windows,routes/tracks/storage,defect,C,serious functional defect,medium,not established,not code-verified,,"model/src/{route,track,navobj_db}.cpp; gui/src/navutil.cpp",Unresolved; taxonomy-only triage. Read/reproduce before changing code.,metadata/title/body triage
2493,OpenCPN crashes on raspberry pi at startup if I select settings from menu before canvas fully load,2021-12-09,4.7,,Raspberry Pi,startup/UI,defect,B,crash/hang/data integrity,medium,startup timing dependent,old but plausibly related to #5287,#5287,gui/src/ocpn_frame.cpp,Settings was available before canvas/application initialization completed; retain as a historical reproduction for the readiness-state fix.,manual issue review
2487,"RFE: Provide a unified API for alarms to display them in consistent way across all plugins, etc",2021-12-05,4.7,enhancement,not established/cross-platform,AIS,feature/enhancement,H,feature request,medium,not established,not code-verified,,model/src/ais_decoder.cpp; gui/src/ais.cpp,Unresolved; taxonomy-only triage. Read/reproduce before changing code.,metadata/title/body triage
2480,RFE: Add rate of turn to dashboard options,2021-11-24,4.7,enhancement,not established/cross-platform,UI/general,feature/enhancement,H,feature request,medium,not established,not code-verified,,gui/src (issue-specific),Unresolved; taxonomy-only triage. Read/reproduce before changing code.,metadata/title/body triage
2477,RFE: Boat parameters set up wizard,2021-11-13,4.8,enhancement,not established/cross-platform,plugins,feature/enhancement,H,feature request,medium,not established,not code-verified,,"include/ocpn_plugin.h; gui/src/{pluginmanager,ocpn_plugin_gui,api_121}.cpp",Unresolved; taxonomy-only triage. Read/reproduce before changing code.,metadata/title/body triage
2465,ENC preslib isobaths/DEPCN value - FS#1291,2021-11-02,4.8,enhancement,not established/cross-platform,charts/rendering,feature/enhancement,H,feature request,medium,not established,not code-verified,,"gui/src/{chartdbs,chartimg,gl_*}.cpp",Unresolved; taxonomy-only triage. Read/reproduce before changing code.,metadata/title/body triage
2429,Signal K / dashboard error at start or when satellites lost,2021-10-10,4.9,,not established/cross-platform,communications/navigation,defect,C,serious functional defect,medium,not established,not code-verified,,model/src/comm_*; model/src/georef.cpp,Unresolved; taxonomy-only triage. Read/reproduce before changing code.,metadata/title/body triage
2427,RFE: option for automatic night mode switch,2021-10-08,4.9,enhancement,not established/cross-platform,communications/navigation,feature/enhancement,H,feature request,medium,not established,not code-verified,,model/src/comm_*; model/src/georef.cpp,Unresolved; taxonomy-only triage. Read/reproduce before changing code.,metadata/title/body triage
2416,"Color Correction: Menu Bar, Status Bar, Context Menu in Night Mode (Windows)",2021-10-04,4.9,,Windows,platform/build,needs triage,F,usability/UI,medium,not established,not code-verified,,CMakeLists.txt; cmake/; gui/src/ocpn_platform.cpp,Unresolved; taxonomy-only triage. Read/reproduce before changing code.,metadata/title/body triage
2364,AIS Target list in night mode,2021-09-07,4.9,,not established/cross-platform,AIS,needs triage,F,usability/UI,medium,not established,not code-verified,,model/src/ais_decoder.cpp; gui/src/ais.cpp,Unresolved; taxonomy-only triage. Read/reproduce before changing code.,metadata/title/body triage
2363,Right-click menu in night mode,2021-09-07,4.9,,not established/cross-platform,UI/general,needs triage,F,usability/UI,medium,not established,not code-verified,,gui/src (issue-specific),Unresolved; taxonomy-only triage. Read/reproduce before changing code.,metadata/title/body triage
2353,Convert incoming xxWPL and xxRTE to waypoints and routes,2021-08-28,5.0,enhancement,not established/cross-platform,AIS,feature/enhancement,H,feature request,medium,not established,not code-verified,,model/src/ais_decoder.cpp; gui/src/ais.cpp,Unresolved; taxonomy-only triage. Read/reproduce before changing code.,metadata/title/body triage
2325,ECDIS: S-52 vs S-101/S-401,2021-08-03,5.0,enhancement,not established/cross-platform,charts/rendering,feature/enhancement,H,feature request,medium,not established,not code-verified,,"gui/src/{chartdbs,chartimg,gl_*}.cpp",Unresolved; taxonomy-only triage. Read/reproduce before changing code.,metadata/title/body triage
2302,[RFE] Add 'install all updates' and 'install all new' buttons in plugin download manager,2021-06-11,5.2,enhancement,not established/cross-platform,plugins,feature/enhancement,H,feature request,medium,not established,not code-verified,,"include/ocpn_plugin.h; gui/src/{pluginmanager,ocpn_plugin_gui,api_121}.cpp",Unresolved; taxonomy-only triage. Read/reproduce before changing code.,metadata/title/body triage
2249,Linux - Dragging toolbar almost impossible with OCPN 5.5.0,2021-04-28,5.3,,Linux,UI/general,defect,E,performance/resource,medium,not established,not code-verified,,gui/src (issue-specific),Unresolved; taxonomy-only triage. Read/reproduce before changing code.,metadata/title/body triage
2233,RFE: Re-define and automate portable mode.,2021-04-24,5.3,enhancement,Linux,plugins,feature/enhancement,H,feature request,medium,not established,not code-verified,,"include/ocpn_plugin.h; gui/src/{pluginmanager,ocpn_plugin_gui,api_121}.cpp",Unresolved; taxonomy-only triage. Read/reproduce before changing code.,metadata/title/body triage
2209,RFE: In case of multiple GPS connections failover to the one which has a fix doesn't work,2021-04-17,5.3,enhancement,not established/cross-platform,communications/navigation,feature/enhancement,H,feature request,medium,not established,not code-verified,,model/src/comm_*; model/src/georef.cpp,Unresolved; taxonomy-only triage. Read/reproduce before changing code.,metadata/title/body triage
2208,RFE: Add change indicator (arrow up/down) for parameters displayed on dashboard,2021-04-17,5.3,enhancement,not established/cross-platform,UI/general,feature/enhancement,H,feature request,medium,not established,not code-verified,,gui/src (issue-specific),Unresolved; taxonomy-only triage. Read/reproduce before changing code.,metadata/title/body triage
2166,FR: Error messages should be be available for copying,2021-02-08,5.5,enhancement,not established/cross-platform,UI/general,feature/enhancement,H,feature request,medium,not established,not code-verified,,gui/src (issue-specific),Unresolved; taxonomy-only triage. Read/reproduce before changing code.,metadata/title/body triage
2081,Clear guide to compile OpenCPN for Android,2020-11-09,5.8,Android|deferred,Android|Linux,communications/navigation,defect,E,performance/resource,medium,not established,not code-verified,,model/src/comm_*; model/src/georef.cpp,Unresolved; taxonomy-only triage. Read/reproduce before changing code.,metadata/title/body triage
2057,Add touch gestures handling for two finger zoom and long press as a right click emulation,2020-10-06,5.9,enhancement|in progress,Linux|Raspberry Pi,UI/general,feature/enhancement,H,feature request,medium,not established,not code-verified,,gui/src (issue-specific),Unresolved; taxonomy-only triage. Read/reproduce before changing code.,metadata/title/body triage
1961,m_fixtime does not get updated when GPS times out,2020-06-28,6.1,needs testing,not established/cross-platform,navigation/plugins,defect/semantics,C,serious functional defect,high,watchdog deterministic,behaviour changed: master sets zero on timeout,,model/src/comm_bridge.cpp; gui/src/ocpn_frame.cpp; include/ocpn_plugin.h,Current code explicitly invalidates FixTime to zero while plug-in documentation says system time after timeout; contract and implementation disagree.,thread and code reviewed
1810,Plugin Manager - Installation of larger plugins gives no indication anything is happening,2020-04-02,6.4,enhancement|plug-in management,Linux,plugins,feature/enhancement,H,feature request,medium,not established,not code-verified,,"include/ocpn_plugin.h; gui/src/{pluginmanager,ocpn_plugin_gui,api_121}.cpp",Unresolved; taxonomy-only triage. Read/reproduce before changing code.,metadata/title/body triage
1726,[Android] Route Dialog text fields don't display their text,2020-02-19,6.5,Android,Android,routes/tracks/storage,needs triage,F,usability/UI,low,not established,not code-verified,,"model/src/{route,track,navobj_db}.cpp; gui/src/navutil.cpp",Unresolved; taxonomy-only triage. Read/reproduce before changing code.,metadata/title/body triage
1684,Option to disable shortcuts,2020-01-25,6.6,enhancement|good first task,not established/cross-platform,UI/general,feature/enhancement,H,feature request,medium,not established,not code-verified,,gui/src (issue-specific),Unresolved; taxonomy-only triage. Read/reproduce before changing code.,metadata/title/body triage
1615,Plugin Manager - no XSD schema validation done of ocpn-plugins.xml file,2019-12-31,6.6,enhancement|plug-in management,not established/cross-platform,plugins,feature/enhancement,H,feature request,medium,not established,not code-verified,,"include/ocpn_plugin.h; gui/src/{pluginmanager,ocpn_plugin_gui,api_121}.cpp",Unresolved; taxonomy-only triage. Read/reproduce before changing code.,metadata/title/body triage
1614,Plugin Manager - Malformed XML causes hang on Ubuntu 16.04,2019-12-31,6.6,enhancement|plug-in management,not established/cross-platform,plugin management,defect,C,serious functional defect,high,deterministic malformed XML,old; current plug-in manager needs revalidation,,gui/src/pluginmanager.cpp; model/src/catalog_parser.cpp,"Malformed catalogue error handling entered a hang in the historical implementation; retain as an input corpus, not as proof against current HEAD.",manual issue review
1348,s57data for unpriviliged user under Linux,2019-04-04,7.4,enhancement|good first task,Linux,charts/rendering,feature/enhancement,H,feature request,medium,not established,not code-verified,,"gui/src/{chartdbs,chartimg,gl_*}.cpp",Unresolved; taxonomy-only triage. Read/reproduce before changing code.,metadata/title/body triage
1325,crash due to multiple canvas support?,2019-03-20,7.4,bug|enhancement|needs work|deferred,not established/cross-platform,charts/rendering,defect,J,likely resolved/stale/duplicate,low,2018 multi-canvas crash,likely stale; revalidate before work,,gui/src/chcanv.cpp,Old crash against substantially changed multi-canvas code; no current reproduction.,manual issue review
1297,Allow setting transparency for the whole MBTiles overlay,2019-03-09,7.4,enhancement,not established/cross-platform,charts/rendering,feature/enhancement,H,feature request,low,not established,not code-verified,,"gui/src/{chartdbs,chartimg,gl_*}.cpp",Unresolved; taxonomy-only triage. Read/reproduce before changing code.,metadata/title/body triage
1267,Compiler warnings: we could be better.,2019-02-13,7.5,help wanted,not established/cross-platform,platform/build,defect,C,serious functional defect,medium,not established,not code-verified,,CMakeLists.txt; cmake/; gui/src/ocpn_platform.cpp,Unresolved; taxonomy-only triage. Read/reproduce before changing code.,metadata/title/body triage
1260,Implement multiple ETA calculation options,2019-02-09,7.5,enhancement|in progress,not established/cross-platform,routes/tracks/storage,feature/enhancement,H,feature request,medium,not established,not code-verified,,"model/src/{route,track,navobj_db}.cpp; gui/src/navutil.cpp",Unresolved; taxonomy-only triage. Read/reproduce before changing code.,metadata/title/body triage
1062,Proper types for coordinates (lat+lon) and headings,2018-04-28,8.3,enhancement|help wanted|needs work,not established/cross-platform,UI/general,feature/enhancement,H,feature request,medium,not established,not code-verified,,gui/src (issue-specific),Unresolved; taxonomy-only triage. Read/reproduce before changing code.,metadata/title/body triage
1034,MBTiles transparency support,2018-04-05,8.4,enhancement,not established/cross-platform,charts/rendering,feature/enhancement,H,feature request,medium,not established,not code-verified,,"gui/src/{chartdbs,chartimg,gl_*}.cpp",Unresolved; taxonomy-only triage. Read/reproduce before changing code.,metadata/title/body triage
981,Refine the track simplification algorithm and GUI,2018-01-28,8.6,enhancement|help wanted,not established/cross-platform,routes/tracks/storage,feature/enhancement,H,feature request,medium,not established,not code-verified,,"model/src/{route,track,navobj_db}.cpp; gui/src/navutil.cpp",Unresolved; taxonomy-only triage. Read/reproduce before changing code.,metadata/title/body triage
959,Refactor TCWin.cpp,2018-01-10,8.6,enhancement,not established/cross-platform,UI/general,feature/enhancement,H,feature request,low,not established,not code-verified,,gui/src (issue-specific),Unresolved; taxonomy-only triage. Read/reproduce before changing code.,metadata/title/body triage
755,Inclusion in f-droid (remove Google Play Services?),2017-01-19,9.6,Android,not established/cross-platform,UI/general,documentation/support,I,documentation/support,medium,not established,not code-verified,,gui/src (issue-specific),Unresolved; taxonomy-only triage. Read/reproduce before changing code.,metadata/title/body triage
101,Check return codes everywhere,2014-02-28,12.5,help wanted,not established/cross-platform,UI/general,needs triage,F,usability/UI,low,not established,not code-verified,,gui/src (issue-specific),Unresolved; taxonomy-only triage. Read/reproduce before changing code.,metadata/title/body triage
100,Improve exception safety with smart pointers,2014-02-28,12.5,help wanted,not established/cross-platform,cross-cutting,architecture/debt,G,architecture/debt,"high as debt, not as defect",not applicable,open design task,,multiple historical raw-pointer owners,Smart pointers should be introduced only while clarifying a demonstrated ownership defect; a global conversion campaign is not justified.,manual issue review
43,Enable raster charts to be loaded from GDAL datasources,2013-03-21,13.4,enhancement|help wanted,not established/cross-platform,charts/rendering,feature/enhancement,H,feature request,low,not established,not code-verified,,"gui/src/{chartdbs,chartimg,gl_*}.cpp",Unresolved; taxonomy-only triage. Read/reproduce before changing code.,metadata/title/body triage
